id,paragraph_1,kg_1,paragraph_2,kg_2
0,"The drug sulbenicillin increases the efficacy of mivacurium, while decreasing the efficacy of demegestone. Penimepicycline enhances the efficacy of rocuronium but reduces the efficacy of sultamicillin and sulbenicillin. Rocuronium boosts the efficacy of amdinocillin and azidocillin, but it also has the side effect of injection site swelling. Additionally, flucloxacillin diminishes the efficacy of penimepicycline and has side effects like arthralgia and immune system disorder.","[[""sulbenicillin"", ""increases_efficacy_of"", ""mivacurium""], [""sulbenicillin"", ""decreases_efficacy_of"", ""demegestone""], [""penimepicycline"", ""enhances_efficacy_of"", ""rocuronium""], [""penimepicycline"", ""reduces_efficacy_of"", ""sultamicillin""], [""penimepicycline"", ""reduces_efficacy_of"", ""sulbenicillin""], [""rocuronium"", ""boosts_efficacy_of"", ""amdinocillin""], [""rocuronium"", ""boosts_efficacy_of"", ""azidocillin""], [""rocuronium"", ""has_side_effect"", ""injection_site_swelling""], [""flucloxacillin"", ""diminishes_efficacy_of"", ""penimepicycline""], [""flucloxacillin"", ""has_side_effect"", ""arthralgia""], [""flucloxacillin"", ""has_side_effect"", ""immune_system_disorder""]]","Sulbenicillin increases the efficacy of mivacurium, but decreases the efficacy of demegestone. Penimepicycline increases the efficacy of rocuronium, however it decreases the efficacy of sultamicillin and sulbenicillin. Flucloxacillin decreases the efficacy of penimepicycline and has side effects including arthralgia and immune system disorder. Rocuronium increases the efficacy of amdinocillin and azidocillin, but also has a side effect of injection site swelling.","[[""sulbenicillin"", ""increases_efficacy_of"", ""mivacurium""], [""sulbenicillin"", ""decreases_efficacy_of"", ""demegestone""], [""penimepicycline"", ""increases_efficacy_of"", ""rocuronium""], [""penimepicycline"", ""decreases_efficacy_of"", ""sultamicillin""], [""penimepicycline"", ""decreases_efficacy_of"", ""sulbenicillin""], [""rocuronium"", ""increases_efficacy_of"", ""amdinocillin""], [""rocuronium"", ""increases_efficacy_of"", ""azidocillin""], [""rocuronium"", ""has_side_effect"", ""injection_site_swelling""], [""flucloxacillin"", ""decreases_efficacy_of"", ""penimepicycline""], [""flucloxacillin"", ""has_side_effect"", ""arthralgia""], [""flucloxacillin"", ""has_side_effect"", ""immune_system_disorder""]]"
1,"The drug bunazosin decreases the efficacy of naphazoline, protokylol, and norfenefrine. Bisoprolol decreases the efficacy of calcium acetate and calcium lactate gluconate. Protokylol increases the efficacy of etilefrine and histapyrrodine. Naphazoline decreases the efficacy of tolazoline, propafenone, and celiprolol. Nadolol increases the efficacy of exenatide and insulin aspart, but decreases the efficacy of moxonidine. Cirazoline decreases the efficacy of bisoprolol, nadolol, and bunazosin.",[],"The drug bunazosin decreases the efficacy of naphazoline, protokylol, and norfenefrine. Additionally, bisoprolol decreases the efficacy of calcium acetate and calcium lactate gluconate. On the other hand, protokylol increases the efficacy of etilefrine and histapyrrodine. The usage of naphazoline reduces the efficacy of tolazoline, propafenone, and celiprolol. Moreover, nadolol can increase the efficacy of exenatide and insulin aspart, but it decreases the efficacy of moxonidine. Lastly, cirazoline decreases the efficacy of bisoprolol, nadolol, and bunazosin.",[]
2,"Buthiazide increases the efficacy of glipizide and decreases the efficacy of verinurad and benzhydrocodone. Torasemide is affecting adducin 1 and has an indication for diuresis. Additionally, torasemide decreases the efficacy of mofebutazone. Estetrol decreases the efficacy of streptomycin, chenodeoxycholic acid, and nigericin. Luseogliflozin decreases the efficacy of torasemide and estetrol, but increases the efficacy of buthiazide.",[],"The drug buthiazide can both increase the efficacy of glipizide and decrease the efficacy of verinurad and benzhydrocodone. Similarly, luseogliflozin can increase the efficacy of buthiazide. 

Torasemide is affecting adducin 1 and has an indication for diuresis. It also decreases the efficacy of mofebutazone.

On the other hand, estetrol decreases the efficacy of streptomycin, chenodeoxycholic acid, and nigericin.",[]
3,"The compound 9-deazaguanine increases the activity of the hypotensive activities and decreases the efficacy of halazepam. Pinazepam increases the effect of neuropsychiatric effects, while decreasing the efficacy of 9-deazaguanine and proxyphylline. Proxyphylline has activity in the hyperkalemic activities and decreases the efficacy of delorazepam.",[],"The compound 9-deazaguanine is known to increase the activity of the hypotensive activities, while at the same time decreasing the efficacy of halazepam. Pinazepam has been shown to increase the effect of neuropsychiatric effects, but it decreases the efficacy of 9-deazaguanine and proxyphylline. Proxyphylline has activity related to the hyperkalemic activities, however, it decreases the efficacy of delorazepam.",[]
4,"Medazepam increases the neuropsychiatric effects, but decreases the efficacy of metronidazole and theobromine. Lobucavir decreases the efficacy of 1,2-benzodiazepine, medazepam, and doxefazepam. Doxefazepam targets the GABA(A) receptor and has the sedative activities. Additionally, 1,2-benzodiazepine's efficacy is decreased by pentoxifylline, doxofylline, and acefylline.","[[""Medazepam"", ""increases"", ""neuropsychiatric_effects""], [""Medazepam"", ""decreases_efficacy_of"", ""Metronidazole""], [""Medazepam"", ""decreases_efficacy_of"", ""Theobromine""], [""Lobucavir"", ""decreases_efficacy_of"", ""1,2-benzodiazepine""], [""Lobucavir"", ""decreases_efficacy_of"", ""Medazepam""], [""Lobucavir"", ""decreases_efficacy_of"", ""Doxefazepam""], [""Doxefazepam"", ""targets"", ""GABA(A)_receptor""], [""Doxefazepam"", ""has"", ""sedative_activities""], [""1,2-benzodiazepine"", ""efficacy_decreased_by"", ""Pentoxifylline""], [""1,2-benzodiazepine"", ""efficacy_decreased_by"", ""Doxofylline""], [""1,2-benzodiazepine"", ""efficacy_decreased_by"", ""Acefylline""]]","The drug medazepam decreases the efficacy of metronidazole, theobromine, and also reduces the neuropsychiatric effects. Additionally, lobucavir decreases the efficacy of 1,2-benzodiazepine, medazepam, and doxefazepam. Doxefazepam targets the GABA(A) receptor and has the sedative activities. Furthermore, 1,2-benzodiazepine decreases the efficacy of pentoxifylline, doxofylline, and acefylline.","[[""Medazepam"", ""decreases_efficacy_of"", ""Metronidazole""], [""Medazepam"", ""decreases_efficacy_of"", ""Theobromine""], [""Medazepam"", ""reduces"", ""neuropsychiatric_effects""], [""Lobucavir"", ""decreases_efficacy_of"", ""1,2-benzodiazepine""], [""Lobucavir"", ""decreases_efficacy_of"", ""Medazepam""], [""Lobucavir"", ""decreases_efficacy_of"", ""Doxefazepam""], [""Doxefazepam"", ""targets"", ""GABA(A)_receptor""], [""Doxefazepam"", ""has"", ""sedative_activities""], [""1,2-benzodiazepine"", ""decreases_efficacy_of"", ""Pentoxifylline""], [""1,2-benzodiazepine"", ""decreases_efficacy_of"", ""Doxofylline""], [""1,2-benzodiazepine"", ""decreases_efficacy_of"", ""Acefylline""]]"
5,"Andexanet alfa decreases the efficacy of several drugs including edetic acid, clorindione, and diphenadione. Diphenadione, in turn, increases the efficacy of levothyroxine but decreases the efficacy of pantothenic acid and formic acid. Cefacetrile decreases the efficacy of dabigatran. Edetic acid decreases the efficacy of cefpiramide, cefacetrile, and rurioctocog alfa pegol. Additionally, clorindione increases the efficacy of ketoconazole and nitroxoline.","[[""Andexanet_alfa"", ""decreases_efficacy_of"", ""edetic_acid""], [""Andexanet_alfa"", ""decreases_efficacy_of"", ""clorindione""], [""Andexanet_alfa"", ""decreases_efficacy_of"", ""diphenadione""], [""Diphenadione"", ""increases_efficacy_of"", ""levothyroxine""], [""Diphenadione"", ""decreases_efficacy_of"", ""pantothenic_acid""], [""Diphenadione"", ""decreases_efficacy_of"", ""formic_acid""], [""Cefacetrile"", ""decreases_efficacy_of"", ""dabigatran""], [""Edetic_acid"", ""decreases_efficacy_of"", ""cefpiramide""], [""Edetic_acid"", ""decreases_efficacy_of"", ""cefacetrile""], [""Edetic_acid"", ""decreases_efficacy_of"", ""rurioctocog_alfa_pegol""], [""Clorindione"", ""increases_efficacy_of"", ""ketoconazole""], [""Clorindione"", ""increases_efficacy_of"", ""nitroxoline""]]","Andexanet alfa decreases the efficacy of clorindione. Diphenadione increases the efficacy of levothyroxine but decreases the efficacy of pantothenic acid and formic acid. Cefacetrile decreases the efficacy of dabigatran. Edetic acid decreases the efficacy of cefpiramide, cefacetrile, and rurioctocog alfa pegol. Clorindione increases the efficacy of ketoconazole and nitroxoline.","[[""Andexanet_alfa"", ""decreases_efficacy_of"", ""clorindione""], [""Diphenadione"", ""increases_efficacy_of"", ""levothyroxine""], [""Diphenadione"", ""decreases_efficacy_of"", ""pantothenic_acid""], [""Diphenadione"", ""decreases_efficacy_of"", ""formic_acid""], [""Cefacetrile"", ""decreases_efficacy_of"", ""dabigatran""], [""Edetic_acid"", ""decreases_efficacy_of"", ""cefpiramide""], [""Edetic_acid"", ""decreases_efficacy_of"", ""cefacetrile""], [""Edetic_acid"", ""decreases_efficacy_of"", ""rurioctocog_alfa_pegol""], [""Clorindione"", ""increases_efficacy_of"", ""ketoconazole""], [""Clorindione"", ""increases_efficacy_of"", ""nitroxoline""]]"
6,"The drug Rimexolone increases the activity of the excretion rate, has an effect on electrolyte imbalance, and decreases the efficacy of Aminoglutethimide. Flurandrenolide causes the side effect of Contact Dermatitis. Aminoglutethimide decreases the efficacy of both Flurandrenolide and Hydrocortisone Aceponate, and targets the SN12K1. Hydrocortisone Aceponate decreases the efficacy of allogeneic processed thymus tissue.","[[""Rimexolone"", ""increases"", ""excretion_rate""], [""Rimexolone"", ""has_effect_on"", ""electrolyte_imbalance""], [""Rimexolone"", ""decreases"", ""Aminoglutethimide""], [""Flurandrenolide"", ""causes"", ""Contact_Dermatitis""], [""Aminoglutethimide"", ""decreases"", ""Flurandrenolide""], [""Aminoglutethimide"", ""decreases"", ""Hydrocortisone_Aceponate""], [""Aminoglutethimide"", ""targets"", ""SN12K1""], [""Hydrocortisone_Aceponate"", ""decreases"", ""allogeneic_processed_thymus_tissue""]]","Rimexolone increases the activity of the excretion rate and has the effect of causing electrolyte imbalance. It also decreases the efficacy of aminoglutethimide. Flurandrenolide leads to the side effect of contact dermatitis. Aminoglutethimide decreases the efficacy of both flurandrenolide and hydrocortisone aceponate, and targets sn12k1. Hydrocortisone aceponate further decreases the efficacy of allogeneic processed thymus tissue.","[[""Rimexolone"", ""increases"", ""excretion_rate""], [""Rimexolone"", ""has_effect_of"", ""electrolyte_imbalance""], [""Rimexolone"", ""decreases"", ""Aminoglutethimide""], [""Flurandrenolide"", ""leads_to"", ""contact_dermatitis""], [""Aminoglutethimide"", ""decreases"", ""Flurandrenolide""], [""Aminoglutethimide"", ""decreases"", ""Hydrocortisone_Aceponate""], [""Aminoglutethimide"", ""targets"", ""SN12K1""], [""Hydrocortisone_Aceponate"", ""decreases"", ""allogeneic_processed_thymus_tissue""]]"
7,"Hyodeoxycholic acid decreases the efficacy of norethisterone and gemfibrozil. It also has a target, UDP-glucuronosyltransferase 1-8. Lynestrenol reduces the efficacy of insulin detemir, procaine benzylpenicillin, and hyodeoxycholic acid. Insulin detemir has side effects such as eczema, fatigue, and diabetes mellitus. Procaine benzylpenicillin decreases the efficacy of desogestrel, norelgestromin, and Vibrio cholerae CVD 103-HgR strain live antigen. Norelgestromin targets the androgen receptor and reduces the efficacy of lepirudin.","[[""Hyodeoxycholic_acid"", ""decreases_efficacy_of"", ""Norethisterone""], [""Hyodeoxycholic_acid"", ""decreases_efficacy_of"", ""Gemfibrozil""], [""Hyodeoxycholic_acid"", ""has_target"", ""UDP-glucuronosyltransferase_1-8""], [""Lynestrenol"", ""reduces_efficacy_of"", ""Insulin_detemir""], [""Lynestrenol"", ""reduces_efficacy_of"", ""Procaine_benzylpenicillin""], [""Lynestrenol"", ""reduces_efficacy_of"", ""Hyodeoxycholic_acid""], [""Insulin_detemir"", ""has_side_effect"", ""Eczema""], [""Insulin_detemir"", ""has_side_effect"", ""Fatigue""], [""Insulin_detemir"", ""has_side_effect"", ""Diabetes_mellitus""], [""Procaine_benzylpenicillin"", ""decreases_efficacy_of"", ""Desogestrel""], [""Procaine_benzylpenicillin"", ""decreases_efficacy_of"", ""Norelgestromin""], [""Procaine_benzylpenicillin"", ""decreases_efficacy_of"", ""Vibrio_cholerae_CVD_103-HgR_strain_live_antigen""], [""Norelgestromin"", ""targets"", ""Androgen_receptor""], [""Norelgestromin"", ""reduces_efficacy_of"", ""Lepirudin""]]","The medication procaine benzylpenicillin decreases the efficacy of desogestrel, norelgestromin, and the Vibrio cholerae CVD 103-HgR strain live antigen.","[[""Procaine_benzylpenicillin"", ""decreases_efficacy_of"", ""Desogestrel""], [""Procaine_benzylpenicillin"", ""decreases_efficacy_of"", ""Norelgestromin""], [""Procaine_benzylpenicillin"", ""decreases_efficacy_of"", ""Vibrio_cholerae_CVD_103-HgR_strain_live_antigen""]]"
8,"The drug nafcillin decreases the efficacy of demeclocycline, felodipine, and seletracetam. Demeclocycline, in turn, decreases the efficacy of sulbenicillin. Seletracetam decreases the efficacy of docusate and sulfate ion. Additionally, felodipine decreases the efficacy of deacetylbisacodyl and frangula purshiana bark while also having the side effect of causing tension.","[[""nafcillin"", ""decreases_efficacy_of"", ""demeclocycline""], [""nafcillin"", ""decreases_efficacy_of"", ""felodipine""], [""nafcillin"", ""decreases_efficacy_of"", ""seletracetam""], [""demeclocycline"", ""decreases_efficacy_of"", ""sulbenicillin""], [""seletracetam"", ""decreases_efficacy_of"", ""docusate""], [""seletracetam"", ""decreases_efficacy_of"", ""sulfate_ion""], [""felodipine"", ""decreases_efficacy_of"", ""deacetylbisacodyl""], [""felodipine"", ""decreases_efficacy_of"", ""frangula_purshiana_bark""], [""felodipine"", ""causes_side_effect"", ""tension""]]","The drug nafcillin decreases the efficacy of demeclocycline, felodipine, and seletracetam. Demeclocycline, in turn, decreases the efficacy of sulbenicillin. Seletracetam decreases the efficacy of docusate and sulfate ion. Felodipine decreases the efficacy of deacetylbisacodyl and frangula purshiana bark, while also causing the side effect of tension.","[[""nafcillin"", ""decreases_efficacy_of"", ""demeclocycline""], [""nafcillin"", ""decreases_efficacy_of"", ""felodipine""], [""nafcillin"", ""decreases_efficacy_of"", ""seletracetam""], [""demeclocycline"", ""decreases_efficacy_of"", ""sulbenicillin""], [""seletracetam"", ""decreases_efficacy_of"", ""docusate""], [""seletracetam"", ""decreases_efficacy_of"", ""sulfate_ion""], [""felodipine"", ""decreases_efficacy_of"", ""deacetylbisacodyl""], [""felodipine"", ""decreases_efficacy_of"", ""frangula_purshiana_bark""], [""felodipine"", ""causes_side_effect"", ""tension""]]"
9,"Tiotropium increases the effect of urinary retention and has the side effect of mouth ulceration. Additionally, tiotropium decreases the efficacy of magnesium. Emetonium iodide decreases the efficacy of linaclotide, magnesium carbonate, and sodium tartrate. Magnesium, in turn, decreases the efficacy of dihydroetorphine, dimetindene, and emetonium iodide. Dihydroetorphine increases the efficacy of pregabalin and lofexidine.","[[""Tiotropium"", ""increases"", ""urinary_retention""], [""Tiotropium"", ""has_side_effect"", ""mouth_ulceration""], [""Tiotropium"", ""decreases"", ""magnesium""], [""Emetonium_iodide"", ""decreases"", ""linaclotide""], [""Emetonium_iodide"", ""decreases"", ""magnesium_carbonate""], [""Emetonium_iodide"", ""decreases"", ""sodium_tartrate""], [""Magnesium"", ""decreases"", ""dihydroetorphine""], [""Magnesium"", ""decreases"", ""dimetindene""], [""Magnesium"", ""decreases"", ""emetonium_iodide""], [""Dihydroetorphine"", ""increases"", ""pregabalin""], [""Dihydroetorphine"", ""increases"", ""lofexidine""]]","Tiotropium decreases efficacy of magnesium and has a side effect of mouth ulceration, as well as decreasing the effect of urinary retention. Emetonium iodide decreases efficacy of linaclotide, magnesium carbonate, and sodium tartrate. Magnesium decreases efficacy of dihydroetorphine, dimetindene, and emetonium iodide. Dihydroetorphine increases efficacy of pregabalin and lofexidine.","[[""Tiotropium"", ""decreases"", ""magnesium""], [""Tiotropium"", ""has_side_effect"", ""mouth_ulceration""], [""Tiotropium"", ""decreases"", ""urinary_retention""], [""Emetonium_iodide"", ""decreases"", ""linaclotide""], [""Emetonium_iodide"", ""decreases"", ""magnesium_carbonate""], [""Emetonium_iodide"", ""decreases"", ""sodium_tartrate""], [""Magnesium"", ""decreases"", ""dihydroetorphine""], [""Magnesium"", ""decreases"", ""dimetindene""], [""Magnesium"", ""decreases"", ""emetonium_iodide""], [""Dihydroetorphine"", ""increases"", ""pregabalin""], [""Dihydroetorphine"", ""increases"", ""lofexidine""]]"
10,"The drug acarbose increases the efficacy of trovafloxacin, sulfamerazine, and succinylsulfathiazole. Additionally, sulfaquinoxaline increases the efficacy of acarbose, buformin, and rivoglitazone. On the other hand, buformin both increases the efficacy of moxifloxacin and decreases the efficacy of metolazone and aripiprazole. Furthermore, rivoglitazone decreases the efficacy of goserelin while increasing the efficacy of sarafloxacin and sulfametrole.","[[""acarbose"", ""increases_efficacy_of"", ""trovafloxacin""], [""acarbose"", ""increases_efficacy_of"", ""sulfamerazine""], [""acarbose"", ""increases_efficacy_of"", ""succinylsulfathiazole""], [""sulfaquinoxaline"", ""increases_efficacy_of"", ""acarbose""], [""sulfaquinoxaline"", ""increases_efficacy_of"", ""buformin""], [""sulfaquinoxaline"", ""increases_efficacy_of"", ""rivoglitazone""], [""buformin"", ""increases_efficacy_of"", ""moxifloxacin""], [""buformin"", ""decreases_efficacy_of"", ""metolazone""], [""buformin"", ""decreases_efficacy_of"", ""aripiprazole""], [""rivoglitazone"", ""decreases_efficacy_of"", ""goserelin""], [""rivoglitazone"", ""increases_efficacy_of"", ""sarafloxacin""], [""rivoglitazone"", ""increases_efficacy_of"", ""sulfametrole""]]","The compound glochidone increases the efficacy of trovafloxacin, sulfamerazine, and succinylsulfathiazole. Buformin enhances the efficacy of spathulenol, but decreases the efficacy of marein and cloprostenol. Sulfaquinoxaline boosts the efficacy of glochidone, buformin, and rivoglitazone. Rivoglitazone increases the efficacy of sarafloxacin and sulfametrole, but decreases the efficacy of goserelin.","[[""glochidone"", ""increases_efficacy_of"", ""trovafloxacin""], [""glochidone"", ""increases_efficacy_of"", ""sulfamerazine""], [""glochidone"", ""increases_efficacy_of"", ""succinylsulfathiazole""], [""buformin"", ""increases_efficacy_of"", ""spathulenol""], [""buformin"", ""decreases_efficacy_of"", ""marein""], [""buformin"", ""decreases_efficacy_of"", ""cloprostenol""], [""sulfaquinoxaline"", ""increases_efficacy_of"", ""glochidone""], [""sulfaquinoxaline"", ""increases_efficacy_of"", ""buformin""], [""sulfaquinoxaline"", ""increases_efficacy_of"", ""rivoglitazone""], [""rivoglitazone"", ""increases_efficacy_of"", ""sarafloxacin""], [""rivoglitazone"", ""increases_efficacy_of"", ""sulfametrole""], [""rivoglitazone"", ""decreases_efficacy_of"", ""goserelin""]]"
11,"The drug nicardipine decreases the activity of effectiveness, decreases the efficacy of emodin, and has a side effect of pericarditis. Additionally, methylcellulose decreases the efficacy of nicardipine, flunarizine, and timepidium.","[[""nicardipine"", ""decreases_activity_of"", ""effectiveness""], [""nicardipine"", ""decreases_efficacy_of"", ""emodin""], [""nicardipine"", ""has_side_effect"", ""pericarditis""], [""methylcellulose"", ""decreases_efficacy_of"", ""nicardipine""], [""methylcellulose"", ""decreases_efficacy_of"", ""flunarizine""], [""methylcellulose"", ""decreases_efficacy_of"", ""timepidium""]]","Nicardipine is known to decrease the activity of effectiveness, decrease the efficacy of emodin, and has a side effect of pericarditis. Methylcellulose, on the other hand, decreases the efficacy of nicardipine, flunarizine, and timepidium.","[[""nicardipine"", ""decreases_activity_of"", ""effectiveness""], [""nicardipine"", ""decreases_efficacy_of"", ""emodin""], [""nicardipine"", ""has_side_effect"", ""pericarditis""], [""methylcellulose"", ""decreases_efficacy_of"", ""nicardipine""], [""methylcellulose"", ""decreases_efficacy_of"", ""flunarizine""], [""methylcellulose"", ""decreases_efficacy_of"", ""timepidium""]]"
12,"The gene COL12A1 is involved in Collagen chain trimerization and causes conditions such as bethlem myopathy 2 and myopathic ehlers-danlos syndrome. Bethlem myopathy 2 is characterized by phenotypes such as scoliosis, scapular winging, and generalized hypotonia. Myopathic ehlers-danlos syndrome presents with symptoms like failure to thrive, talipes equinovarus, and joint contracture of the hand.","[[""COL12A1"", ""involved_in"", ""Collagen_chain_trimerization""], [""COL12A1"", ""causes"", ""bethlem_myopathy_2""], [""COL12A1"", ""causes"", ""myopathic_ehlers-danlos_syndrome""], [""bethlem_myopathy_2"", ""characterized_by"", ""scoliosis""], [""bethlem_myopathy_2"", ""characterized_by"", ""scapular_winging""], [""bethlem_myopathy_2"", ""characterized_by"", ""generalized_hypotonia""], [""myopathic_ehlers-danlos_syndrome"", ""presents_with"", ""failure_to_thrive""], [""myopathic_ehlers-danlos_syndrome"", ""presents_with"", ""talipes_equinovarus""], [""myopathic_ehlers-danlos_syndrome"", ""presents_with"", ""joint_contracture_of_the_hand""]]","Bethlem myopathy 2 presents with phenotypes such as scoliosis, scapular winging, and generalized hypotonia. In contrast, myopathic Ehlers-Danlos syndrome manifests with failure to thrive, talipes equinovarus, and joint contracture of the hand. Furthermore, the gene COL12A1 partakes in the process of collagen chain trimerization.","[[""bethlem_myopathy_2"", ""presents_with"", ""scoliosis""], [""bethlem_myopathy_2"", ""presents_with"", ""scapular_winging""], [""bethlem_myopathy_2"", ""presents_with"", ""generalized_hypotonia""], [""myopathic_Ehlers-Danlos_syndrome"", ""manifests_with"", ""failure_to_thrive""], [""myopathic_Ehlers-Danlos_syndrome"", ""manifests_with"", ""talipes_equinovarus""], [""myopathic_Ehlers-Danlos_syndrome"", ""manifests_with"", ""joint_contracture_of_the_hand""], [""COL12A1"", ""partakes_in"", ""collagen_chain_trimerization""]]"
13,"Levothyroxine increases the efficacy of testosterone, nandrolone decanoate, and liothyronine i-131. Nandrolone decanoate targets the 5-hydroxytryptamine 2 receptor and increases the efficacy of phenytoin and furosemide. Testosterone has side effects including breast cyst, vesiculobullous rash, and strangury. Furosemide decreases the efficacy of licofelone and alphaprodine. Lastly, liothyronine i-131 increases the efficacy of fluticasone propionate and nitrofurantoin.","[[""Levothyroxine"", ""increases_efficacy_of"", ""Testosterone""], [""Levothyroxine"", ""increases_efficacy_of"", ""Nandrolone_Decanoate""], [""Levothyroxine"", ""increases_efficacy_of"", ""Liothyronine_I-131""], [""Nandrolone_Decanoate"", ""targets"", ""5-Hydroxytryptamine_2_Receptor""], [""Nandrolone_Decanoate"", ""increases_efficacy_of"", ""Phenytoin""], [""Nandrolone_Decanoate"", ""increases_efficacy_of"", ""Furosemide""], [""Testosterone"", ""has_side_effect"", ""Breast_Cyst""], [""Testosterone"", ""has_side_effect"", ""Vesiculobullous_Rash""], [""Testosterone"", ""has_side_effect"", ""Strangury""], [""Furosemide"", ""decreases_efficacy_of"", ""Licofelone""], [""Furosemide"", ""decreases_efficacy_of"", ""Alphaprodine""], [""Liothyronine_I-131"", ""increases_efficacy_of"", ""Fluticasone_Propionate""], [""Liothyronine_I-131"", ""increases_efficacy_of"", ""Nitrofurantoin""]]","Levothyroxine increases the efficacy of nandrolone decanoate, which targets the 5-hydroxytryptamine 2 receptor. Nandrolone decanoate also increases the efficacy of phenytoin. Testosterone has side effects including breast cyst, vesiculobullous rash, and strangury. Furosemide decreases the efficacy of licofelone and alphaprodine. Additionally, liothyronine i-131 increases the efficacy of fluticasone propionate and nitrofurantoin.","[[""Levothyroxine"", ""increases_efficacy_of"", ""Nandrolone_Decanoate""], [""Nandrolone_Decanoate"", ""targets"", ""5-Hydroxytryptamine_2_Receptor""], [""Nandrolone_Decanoate"", ""increases_efficacy_of"", ""Phenytoin""], [""Testosterone"", ""has_side_effect"", ""Breast_Cyst""], [""Testosterone"", ""has_side_effect"", ""Vesiculobullous_Rash""], [""Testosterone"", ""has_side_effect"", ""Strangury""], [""Furosemide"", ""decreases_efficacy_of"", ""Licofelone""], [""Furosemide"", ""decreases_efficacy_of"", ""Alphaprodine""], [""Liothyronine_I-131"", ""increases_efficacy_of"", ""Fluticasone_Propionate""], [""Liothyronine_I-131"", ""increases_efficacy_of"", ""Nitrofurantoin""]]"
14,"The protein dihydroorotate dehydrogenase (quinone) is a gene product of DHODH. DHODH is involved in Pyrimidine biosynthesis and is known to cause postaxial acrofacial dysostosis. Postaxial acrofacial dysostosis is characterized by symptoms such as strabismus. The compound orotic acid targets orotate phosphoribosyltransferase, dihydroorotate dehydrogenase (quinone), and transcription factor AP-1. Transcription factor AP-1 is a gene product of JUN, which acts within pathways related to Senescence-Associated Secretory Phenotype (SASP), Regulation of PTEN gene transcription, and Estrogen-dependent gene expression.","[[""dihydroorotate_dehydrogenase_(quinone)"", ""gene_product_of"", ""DHODH""], [""DHODH"", ""involved_in"", ""Pyrimidine_biosynthesis""], [""DHODH"", ""causes"", ""postaxial_acrofacial_dysostosis""], [""postaxial_acrofacial_dysostosis"", ""characterized_by"", ""strabismus""], [""orotic_acid"", ""targets"", ""orotate_phosphoribosyltransferase""], [""orotic_acid"", ""targets"", ""dihydroorotate_dehydrogenase_(quinone)""], [""orotic_acid"", ""targets"", ""transcription_factor_AP-1""], [""transcription_factor_AP-1"", ""gene_product_of"", ""JUN""], [""JUN"", ""acts_within"", ""Senescence-Associated_Secretory_Phenotype_(SASP)""], [""JUN"", ""acts_within"", ""Regulation_of_PTEN_gene_transcription""], [""JUN"", ""acts_within"", ""Estrogen-dependent_gene_expression""]]",The enzyme DHODH acts within the pathway of pyrimidine biosynthesis.,"[[""DHODH"", ""acts_within"", ""pyrimidine_biosynthesis""]]"
15,"The drug hydrochlorothiazide decreases the efficacy of metformin, etorphine, and targets NCI-H226. Verinurad decreases the efficacy of bendroflumethiazide, benzthiazide, and hydrochlorothiazide. Unoprostone decreases the efficacy of rofecoxib and olsalazine, and has a side effect of pruritus. Bendroflumethiazide increases the efficacy of esmolol and unoprostone, but decreases the efficacy of normethadone. Benzthiazide increases the efficacy of minoxidil, saprisartan, and rauwolfia serpentina root.","[[""hydrochlorothiazide"", ""decreases_efficacy_of"", ""metformin""], [""hydrochlorothiazide"", ""decreases_efficacy_of"", ""etorphine""], [""hydrochlorothiazide"", ""targets"", ""NCI-H226""], [""verinurad"", ""decreases_efficacy_of"", ""bendroflumethiazide""], [""verinurad"", ""decreases_efficacy_of"", ""benzthiazide""], [""verinurad"", ""decreases_efficacy_of"", ""hydrochlorothiazide""], [""unoprostone"", ""decreases_efficacy_of"", ""rofecoxib""], [""unoprostone"", ""decreases_efficacy_of"", ""olsalazine""], [""unoprostone"", ""has_side_effect"", ""pruritus""], [""bendroflumethiazide"", ""increases_efficacy_of"", ""esmolol""], [""bendroflumethiazide"", ""increases_efficacy_of"", ""unoprostone""], [""bendroflumethiazide"", ""decreases_efficacy_of"", ""normethadone""], [""benzthiazide"", ""increases_efficacy_of"", ""minoxidil""], [""benzthiazide"", ""increases_efficacy_of"", ""saprisartan""], [""benzthiazide"", ""increases_efficacy_of"", ""rauwolfia_serpentina_root""]]",The drug hydrochlorothiazide decreases the efficacy of metformin and etorphine.,"[[""hydrochlorothiazide"", ""decreases_efficacy_of"", ""metformin""], [""hydrochlorothiazide"", ""decreases_efficacy_of"", ""etorphine""]]"
16,"Pegvisomant increases the activity of the neuromuscular blocking activities. Additionally, pegvisomant decreases the efficacy of codeine and meptazinol. Peginterferon alfa-2a has a target in the interferon alpha/beta receptor 1. Pegfilgrastim reduces the efficacy of pegvisomant, methoxy polyethylene glycol-epoetin beta, and elapegademase. Methoxy polyethylene glycol-epoetin beta decreases the efficacy of polidocanol, eptacog alfa pegol (activated), and lexaptepid pegol. Elapegademase decreases the efficacy of peginterferon alfa-2a.","[[""Pegvisomant"", ""increases"", ""neuromuscular_blocking_activities""], [""Pegvisomant"", ""decreases"", ""codeine""], [""Pegvisomant"", ""decreases"", ""meptazinol""], [""Peginterferon_alfa-2a"", ""target"", ""interferon_alpha/beta_receptor_1""], [""Pegfilgrastim"", ""reduces"", ""pegvisomant""], [""Pegfilgrastim"", ""reduces"", ""methoxy_polyethylene_glycol-epoetin_beta""], [""Pegfilgrastim"", ""reduces"", ""elapegademase""], [""Methoxy_polyethylene_glycol-epoetin_beta"", ""decreases"", ""polidocanol""], [""Methoxy_polyethylene_glycol-epoetin_beta"", ""decreases"", ""eptacog_alfa_pegol_(activated)""], [""Methoxy_polyethylene_glycol-epoetin_beta"", ""decreases"", ""lexaptepid_pegol""], [""Elapegademase"", ""decreases"", ""peginterferon_alfa-2a""]]","Pegvisomant increases the activity of the neuromuscular blocking activities and decreases the efficacy of codeine and meptazinol. Peginterferon alfa-2a targets the interferon alpha/beta receptor 1. Pegfilgrastim reduces the efficacy of pegvisomant, methoxy polyethylene glycol-epoetin beta, and elapegademase. Methoxy polyethylene glycol-epoetin beta decreases the efficacy of polidocanol, eptacog alfa pegol (activated), and lexaptepid pegol. Elapegademase decreases the efficacy of peginterferon alfa-2a.","[[""Pegvisomant"", ""increases"", ""neuromuscular_blocking_activities""], [""Pegvisomant"", ""decreases"", ""codeine""], [""Pegvisomant"", ""decreases"", ""meptazinol""], [""Peginterferon_alfa-2a"", ""targets"", ""interferon_alpha/beta_receptor_1""], [""Pegfilgrastim"", ""reduces"", ""pegvisomant""], [""Pegfilgrastim"", ""reduces"", ""methoxy_polyethylene_glycol-epoetin_beta""], [""Pegfilgrastim"", ""reduces"", ""elapegademase""], [""Methoxy_polyethylene_glycol-epoetin_beta"", ""decreases"", ""polidocanol""], [""Methoxy_polyethylene_glycol-epoetin_beta"", ""decreases"", ""eptacog_alfa_pegol_(activated)""], [""Methoxy_polyethylene_glycol-epoetin_beta"", ""decreases"", ""lexaptepid_pegol""], [""Elapegademase"", ""decreases"", ""peginterferon_alfa-2a""]]"
17,"Reviparin decreases the efficacy of hydrochlorothiazide, ceftibuten, and human protein S. Pyrantel increases the efficacy of kanamycin and hygromycin B while also indicating treatment for hookworm infections. Isepamicin increases the efficacy of metocurine and pyrantel, but decreases the efficacy of reviparin. Metocurine decreases the efficacy of physostigmine and paraoxon.","[[""Reviparin"", ""decreases_efficacy_of"", ""hydrochlorothiazide""], [""Reviparin"", ""decreases_efficacy_of"", ""ceftibuten""], [""Reviparin"", ""decreases_efficacy_of"", ""human_protein_S""], [""Pyrantel"", ""increases_efficacy_of"", ""kanamycin""], [""Pyrantel"", ""increases_efficacy_of"", ""hygromycin_B""], [""Pyrantel"", ""indicated_for"", ""hookworm_infections""], [""Isepamicin"", ""increases_efficacy_of"", ""metocurine""], [""Isepamicin"", ""increases_efficacy_of"", ""pyrantel""], [""Isepamicin"", ""decreases_efficacy_of"", ""reviparin""], [""Metocurine"", ""decreases_efficacy_of"", ""physostigmine""], [""Metocurine"", ""decreases_efficacy_of"", ""paraoxon""]]","The drug Reviparin decreases the efficacy of Hydrochlorothiazide, Ceftibuten, and Protein S human. Pyrantel increases the efficacy of Kanamycin and Hygromycin B while also being indicated for Hookworm Infections. Isepamicin increases the efficacy of Metocurine and Pyrantel but decreases the efficacy of Reviparin. Metocurine decreases the efficacy of Physostigmine and Paraoxon.","[[""Reviparin"", ""decreases_efficacy_of"", ""Hydrochlorothiazide""], [""Reviparin"", ""decreases_efficacy_of"", ""Ceftibuten""], [""Reviparin"", ""decreases_efficacy_of"", ""Protein_S_human""], [""Pyrantel"", ""increases_efficacy_of"", ""Kanamycin""], [""Pyrantel"", ""increases_efficacy_of"", ""Hygromycin_B""], [""Pyrantel"", ""indicated_for"", ""Hookworm_Infections""], [""Isepamicin"", ""increases_efficacy_of"", ""Metocurine""], [""Isepamicin"", ""increases_efficacy_of"", ""Pyrantel""], [""Isepamicin"", ""decreases_efficacy_of"", ""Reviparin""], [""Metocurine"", ""decreases_efficacy_of"", ""Physostigmine""], [""Metocurine"", ""decreases_efficacy_of"", ""Paraoxon""]]"
18,"The drug flunixin increases the activity of the hypertensive activities while decreasing the efficacy of lercanidipine and phenoxybenzamine. Phenoxybenzamine, in turn, decreases the efficacy of dexibuprofen, rimiterol, and amidephrine. Additionally, lercanidipine decreases the efficacy of lonazolac and has side effects that include peptic ulcer and dry mouth. Lastly, rimiterol decreases the efficacy of labetalol.","[[""flunixin"", ""increases"", ""hypertensive_activities""], [""flunixin"", ""decreases"", ""lercanidipine""], [""flunixin"", ""decreases"", ""phenoxybenzamine""], [""phenoxybenzamine"", ""decreases"", ""dexibuprofen""], [""phenoxybenzamine"", ""decreases"", ""rimiterol""], [""phenoxybenzamine"", ""decreases"", ""amidephrine""], [""lercanidipine"", ""decreases"", ""lonazolac""], [""lercanidipine"", ""has_side_effect"", ""peptic_ulcer""], [""lercanidipine"", ""has_side_effect"", ""dry_mouth""], [""rimiterol"", ""decreases"", ""labetalol""]]","The drug flunixin increases the activity of the hypertensive activities. It also decreases the efficacy of lercanidipine. Additionally, flunixin decreases the efficacy of phenoxybenzamine, which in turn decreases the efficacy of dexibuprofen, rimiterol, and amidephrine. Lercanidipine decreases the efficacy of lonazolac and has side effects including peptic ulcer and dry mouth. Moreover, rimiterol decreases the efficacy of labetalol.","[[""flunixin"", ""increases"", ""hypertensive_activities""], [""flunixin"", ""decreases"", ""lercanidipine""], [""flunixin"", ""decreases"", ""phenoxybenzamine""], [""phenoxybenzamine"", ""decreases"", ""dexibuprofen""], [""phenoxybenzamine"", ""decreases"", ""rimiterol""], [""phenoxybenzamine"", ""decreases"", ""amidephrine""], [""lercanidipine"", ""decreases"", ""lonazolac""], [""lercanidipine"", ""has_side_effect"", ""peptic_ulcer""], [""lercanidipine"", ""has_side_effect"", ""dry_mouth""], [""rimiterol"", ""decreases"", ""labetalol""]]"
19,"Lobeglitazone increases the efficacy of pindolol and glisoxepide but decreases the efficacy of mebutizide. Pindolol has the side effect of aggression. Glisoxepide decreases the efficacy of chlorotrianisene but increases the efficacy of nadolol and tertatolol. Mebutizide decreases the efficacy of exenatide, glymidine, and tienilic acid.","[[""Lobeglitazone"", ""increases_efficacy_of"", ""Pindolol""], [""Lobeglitazone"", ""increases_efficacy_of"", ""Glisoxepide""], [""Lobeglitazone"", ""decreases_efficacy_of"", ""Mebutizide""], [""Pindolol"", ""has_side_effect"", ""Aggression""], [""Glisoxepide"", ""decreases_efficacy_of"", ""Chlorotrianisene""], [""Glisoxepide"", ""increases_efficacy_of"", ""Nadolol""], [""Glisoxepide"", ""increases_efficacy_of"", ""Tertatolol""], [""Mebutizide"", ""decreases_efficacy_of"", ""Exenatide""], [""Mebutizide"", ""decreases_efficacy_of"", ""Glymidine""], [""Mebutizide"", ""decreases_efficacy_of"", ""Tienilic_Acid""]]","Lobeglitazone is known to increase the efficacy of pindolol and glisoxepide but decrease the efficacy of mebutizide. Pindolol has a side effect of aggression. Glisoxepide decreases the efficacy of chlorotrianisene while increasing the efficacy of nadolol and tertatolol. Mebutizide decreases the efficacy of exenatide, glymidine, and tienilic acid.","[[""Lobeglitazone"", ""increases_efficacy_of"", ""Pindolol""], [""Lobeglitazone"", ""increases_efficacy_of"", ""Glisoxepide""], [""Lobeglitazone"", ""decreases_efficacy_of"", ""Mebutizide""], [""Pindolol"", ""has_side_effect"", ""Aggression""], [""Glisoxepide"", ""decreases_efficacy_of"", ""Chlorotrianisene""], [""Glisoxepide"", ""increases_efficacy_of"", ""Nadolol""], [""Glisoxepide"", ""increases_efficacy_of"", ""Tertatolol""], [""Mebutizide"", ""decreases_efficacy_of"", ""Exenatide""], [""Mebutizide"", ""decreases_efficacy_of"", ""Glymidine""], [""Mebutizide"", ""decreases_efficacy_of"", ""Tienilic_Acid""]]"
20,"The antithymocyte immunoglobulin (rabbit) increases the risk of myelosuppression. Additionally, it decreases the efficacy of pev3a as well as allogeneic processed thymus tissue. Allogeneic processed thymus tissue, in turn, decreases the efficacy of chloramphenicol and capecitabine.","[[""antithymocyte_immunoglobulin_(rabbit)"", ""increases_risk_of"", ""myelosuppression""], [""antithymocyte_immunoglobulin_(rabbit)"", ""decreases_efficacy_of"", ""pev3a""], [""antithymocyte_immunoglobulin_(rabbit)"", ""decreases_efficacy_of"", ""allogeneic_processed_thymus_tissue""], [""allogeneic_processed_thymus_tissue"", ""decreases_efficacy_of"", ""chloramphenicol""], [""allogeneic_processed_thymus_tissue"", ""decreases_efficacy_of"", ""capecitabine""]]","The antithymocyte immunoglobulin (rabbit) decreases the efficacy of pev3a, allogeneic processed thymus tissue, and causes a decrease in the effect of myelosuppression. Allogeneic processed thymus tissue also decreases the efficacy of chloramphenicol and capecitabine.","[[""antithymocyte_immunoglobulin_(rabbit)"", ""decreases_efficacy_of"", ""pev3a""], [""antithymocyte_immunoglobulin_(rabbit)"", ""decreases_efficacy_of"", ""allogeneic_processed_thymus_tissue""], [""antithymocyte_immunoglobulin_(rabbit)"", ""decreases_effect_of"", ""myelosuppression""], [""allogeneic_processed_thymus_tissue"", ""decreases_efficacy_of"", ""chloramphenicol""], [""allogeneic_processed_thymus_tissue"", ""decreases_efficacy_of"", ""capecitabine""]]"
21,"The drug ketoconazole increases the activity of the QTc-prolonging activities and also increases the efficacy of tioclomarol. Valoctocogene roxaparvovec decreases the efficacy of efavirenz, isoniazid, and ketoconazole. Additionally, givosiran has effects on nephrotoxicity and adverse effects, and it decreases the efficacy of valoctocogene roxaparvovec.","[[""ketoconazole"", ""increases"", ""QTc-prolonging_activities""], [""ketoconazole"", ""increases"", ""efficacy_of_tioclomarol""], [""valoctocogene_roxaparvovec"", ""decreases"", ""efficacy_of_efavirenz""], [""valoctocogene_roxaparvovec"", ""decreases"", ""efficacy_of_isoniazid""], [""valoctocogene_roxaparvovec"", ""decreases"", ""efficacy_of_ketoconazole""], [""givosiran"", ""has_effects_on"", ""nephrotoxicity""], [""givosiran"", ""has_effects_on"", ""adverse_effects""], [""givosiran"", ""decreases"", ""efficacy_of_valoctocogene_roxaparvovec""]]","The drug ketoconazole increases the efficacy of tioclomarol, but it decreases the QTc-prolonging activities. Valoctocogene roxaparvovec decreases the efficacy of efavirenz, isoniazid, and ketoconazole. Additionally, givosiran has various effects including nephrotoxicity and adverse effects, and it decreases the efficacy of valoctocogene roxaparvovec.","[[""ketoconazole"", ""increases"", ""efficacy_of_tioclomarol""], [""ketoconazole"", ""decreases"", ""QTc-prolonging_activities""], [""valoctocogene_roxaparvovec"", ""decreases"", ""efficacy_of_efavirenz""], [""valoctocogene_roxaparvovec"", ""decreases"", ""efficacy_of_isoniazid""], [""valoctocogene_roxaparvovec"", ""decreases"", ""efficacy_of_ketoconazole""], [""givosiran"", ""has_effects_on"", ""nephrotoxicity""], [""givosiran"", ""has_effects_on"", ""adverse_effects""], [""givosiran"", ""decreases"", ""efficacy_of_valoctocogene_roxaparvovec""]]"
22,"Penbutolol increases the activity of the bronchoconstrictory activities. Additionally, penbutolol decreases the efficacy of bethanidine. Furthermore, penbutolol increases the efficacy of gemigliptin. Gemigliptin, in turn, decreases the efficacy of nelfinavir and ethynodiol diacetate, but increases the efficacy of mefruside. Lastly, bethanidine increases the activity of the tachycardic activities.","[[""Penbutolol"", ""increases"", ""bronchoconstrictory_activities""], [""Penbutolol"", ""decreases"", ""bethanidine""], [""Penbutolol"", ""increases"", ""gemigliptin""], [""Gemigliptin"", ""decreases"", ""nelfinavir""], [""Gemigliptin"", ""decreases"", ""ethynodiol_diacetate""], [""Gemigliptin"", ""increases"", ""mefruside""], [""Bethanidine"", ""increases"", ""tachycardic_activities""]]","Penbutolol increases the activity of the bronchoconstrictory activities, decreases the efficacy of bethanidine and increases the efficacy of gemigliptin. Gemigliptin, in turn, decreases the efficacy of nelfinavir and ethynodiol diacetate but increases the efficacy of mefruside. Additionally, bethanidine increases the activity of the tachycardic activities.","[[""Penbutolol"", ""increases"", ""bronchoconstrictory_activities""], [""Penbutolol"", ""decreases"", ""bethanidine""], [""Penbutolol"", ""increases"", ""gemigliptin""], [""Gemigliptin"", ""decreases"", ""nelfinavir""], [""Gemigliptin"", ""decreases"", ""ethynodiol_diacetate""], [""Gemigliptin"", ""increases"", ""mefruside""], [""Bethanidine"", ""increases"", ""tachycardic_activities""]]"
23,"The drug idarubicin decreases the efficacy of the varicella zoster vaccine (recombinant) and has side effects including cardiac failure congestive and nausea. Anthrax immune globulin human decreases the efficacy of alefacept and sorafenib. The varicella zoster vaccine (recombinant) decreases the efficacy of tretinoin, prednisolone, and vilanterol. Prednisolone decreases the efficacy of edrophonium and anthrax immune globulin human, and affects solute carrier family 28 member 3. Vilanterol decreases the efficacy of droperidol, amoxapine, and allogeneic processed thymus tissue. Tretinoin targets tgbc24tkb, nci-h69, and jvm-3.","[[""idarubicin"", ""decreases_efficacy_of"", ""varicella_zoster_vaccine_recombinant""], [""idarubicin"", ""has_side_effect"", ""cardiac_failure_congestive""], [""idarubicin"", ""has_side_effect"", ""nausea""], [""anthrax_immune_globulin_human"", ""decreases_efficacy_of"", ""alefacept""], [""anthrax_immune_globulin_human"", ""decreases_efficacy_of"", ""sorafenib""], [""varicella_zoster_vaccine_recombinant"", ""decreases_efficacy_of"", ""tretinoin""], [""varicella_zoster_vaccine_recombinant"", ""decreases_efficacy_of"", ""prednisolone""], [""varicella_zoster_vaccine_recombinant"", ""decreases_efficacy_of"", ""vilanterol""], [""prednisolone"", ""decreases_efficacy_of"", ""edrophonium""], [""prednisolone"", ""decreases_efficacy_of"", ""anthrax_immune_globulin_human""], [""prednisolone"", ""affects"", ""solute_carrier_family_28_member_3""], [""vilanterol"", ""decreases_efficacy_of"", ""droperidol""], [""vilanterol"", ""decreases_efficacy_of"", ""amoxapine""], [""vilanterol"", ""decreases_efficacy_of"", ""allogeneic_processed_thymus_tissue""], [""tretinoin"", ""targets"", ""tgbc24tkb""], [""tretinoin"", ""targets"", ""nci-h69""], [""tretinoin"", ""targets"", ""jvm-3""]]","The drug idarubicin decreases the efficacy of the varicella zoster vaccine (recombinant) and has side effects such as cardiac failure congestive and nausea.

Anthrax immune globulin human decreases the efficacy of alefacept and sorafenib.

The varicella zoster vaccine (recombinant) decreases the efficacy of tretinoin, prednisolone, and vilanterol.

Prednisolone decreases the efficacy of edrophonium, anthrax immune globulin human, and affects solute carrier family 28 member 3.

Vilanterol decreases the efficacy of droperidol, amoxapine, and allogeneic processed thymus tissue.

Tretinoin has targets such as tgbc24tkb, nci-h69, and jvm-3.","[[""idarubicin"", ""decreases_efficacy_of"", ""varicella_zoster_vaccine_recombinant""], [""idarubicin"", ""has_side_effect"", ""cardiac_failure_congestive""], [""idarubicin"", ""has_side_effect"", ""nausea""], [""anthrax_immune_globulin_human"", ""decreases_efficacy_of"", ""alefacept""], [""anthrax_immune_globulin_human"", ""decreases_efficacy_of"", ""sorafenib""], [""varicella_zoster_vaccine_recombinant"", ""decreases_efficacy_of"", ""tretinoin""], [""varicella_zoster_vaccine_recombinant"", ""decreases_efficacy_of"", ""prednisolone""], [""varicella_zoster_vaccine_recombinant"", ""decreases_efficacy_of"", ""vilanterol""], [""prednisolone"", ""decreases_efficacy_of"", ""edrophonium""], [""prednisolone"", ""decreases_efficacy_of"", ""anthrax_immune_globulin_human""], [""prednisolone"", ""affects"", ""solute_carrier_family_28_member_3""], [""vilanterol"", ""decreases_efficacy_of"", ""droperidol""], [""vilanterol"", ""decreases_efficacy_of"", ""amoxapine""], [""vilanterol"", ""decreases_efficacy_of"", ""allogeneic_processed_thymus_tissue""], [""tretinoin"", ""targets"", ""tgbc24tkb""], [""tretinoin"", ""targets"", ""nci-h69""], [""tretinoin"", ""targets"", ""jvm-3""]]"
24,"The drug Rilpivirine affects the cytochrome P450 family 3 subfamily A member 5 and increases the risk of bradycardia. Additionally, Pantoprazole decreases the efficacy of Incadronic acid and Rilpivirine by targeting the fatty acid synthase.","[[""Rilpivirine"", ""affects"", ""cytochrome_P450_family_3_subfamily_A_member_5""], [""Rilpivirine"", ""increases_risk_of"", ""bradycardia""], [""Pantoprazole"", ""decreases_efficacy_of"", ""Incadronic_acid""], [""Pantoprazole"", ""decreases_efficacy_of"", ""Rilpivirine""], [""Pantoprazole"", ""targets"", ""fatty_acid_synthase""]]","The drug Rilpivirine affects cytochrome P450 family 3 subfamily A member 5 and decreases the effect of bradycardia. Additionally, Pantoprazole decreases the efficacy of Incadronic acid and Rilpivirine by targeting fatty acid synthase.","[[""Rilpivirine"", ""affects"", ""cytochrome_P450_family_3_subfamily_A_member_5""], [""Rilpivirine"", ""decreases_effect_of"", ""bradycardia""], [""Pantoprazole"", ""decreases_efficacy_of"", ""Incadronic_acid""], [""Pantoprazole"", ""decreases_efficacy_of"", ""Rilpivirine""], [""Pantoprazole"", ""targets"", ""fatty_acid_synthase""]]"
25,"The drug potassium bitartrate decreases the efficacy of procyclidine, fesoterodine, and chlorphenoxamine. Cyproheptadine also decreases the efficacy of duloxetine and potassium bitartrate. Cyproheptadine has an indication for Urticaria physical. Chlorphenoxamine decreases the efficacy of ipidacrine and sodium ascorbate. Duloxetine has side effects including Alopecia, Urinary tract infection, and Hepatic enzyme increased.","[[""potassium_bitartrate"", ""decreases_efficacy_of"", ""procyclidine""], [""potassium_bitartrate"", ""decreases_efficacy_of"", ""fesoterodine""], [""potassium_bitartrate"", ""decreases_efficacy_of"", ""chlorphenoxamine""], [""cyproheptadine"", ""decreases_efficacy_of"", ""duloxetine""], [""cyproheptadine"", ""decreases_efficacy_of"", ""potassium_bitartrate""], [""cyproheptadine"", ""indication_for"", ""Urticaria_physical""], [""chlorphenoxamine"", ""decreases_efficacy_of"", ""ipidacrine""], [""chlorphenoxamine"", ""decreases_efficacy_of"", ""sodium_ascorbate""], [""duloxetine"", ""has_side_effect"", ""Alopecia""], [""duloxetine"", ""has_side_effect"", ""Urinary_tract_infection""], [""duloxetine"", ""has_side_effect"", ""Hepatic_enzyme_increased""]]","Potassium bitartrate decreases the efficacy of procyclidine, fesoterodine, and chlorphenoxamine. Cyproheptadine also reduces the efficacy of duloxetine and potassium bitartrate while having an indication for urticaria physical. Chlorphenoxamine decreases the efficacy of ipidacrine and sodium ascorbate. On the other hand, duloxetine is associated with side effects such as alopecia, urinary tract infection, and increased hepatic enzymes.","[[""potassium_bitartrate"", ""decreases_efficacy_of"", ""procyclidine""], [""potassium_bitartrate"", ""decreases_efficacy_of"", ""fesoterodine""], [""potassium_bitartrate"", ""decreases_efficacy_of"", ""chlorphenoxamine""], [""cyproheptadine"", ""reduces_efficacy_of"", ""duloxetine""], [""cyproheptadine"", ""reduces_efficacy_of"", ""potassium_bitartrate""], [""cyproheptadine"", ""indication_for"", ""urticaria_physical""], [""chlorphenoxamine"", ""decreases_efficacy_of"", ""ipidacrine""], [""chlorphenoxamine"", ""decreases_efficacy_of"", ""sodium_ascorbate""], [""duloxetine"", ""associated_with"", ""alopecia""], [""duloxetine"", ""associated_with"", ""urinary_tract_infection""], [""duloxetine"", ""associated_with"", ""increased_hepatic_enzymes""]]"
26,"Risperidone increases the risk of bradycardia and has side effects including cholelithiasis and aggressive reaction. Perospirone exhibits antipsychotic activities. Benserazide reduces the efficacy of risperidone, thioproperazine, and perospirone.","[[""Risperidone"", ""increases_risk_of"", ""bradycardia""], [""Risperidone"", ""has_side_effect"", ""cholelithiasis""], [""Risperidone"", ""has_side_effect"", ""aggressive_reaction""], [""Perospirone"", ""exhibits"", ""antipsychotic_activities""], [""Benserazide"", ""reduces_efficacy_of"", ""Risperidone""], [""Benserazide"", ""reduces_efficacy_of"", ""Thioproperazine""], [""Benserazide"", ""reduces_efficacy_of"", ""Perospirone""]]","The drug risperidone has side effects including cholelithiasis and aggressive reaction. It also decreases the effect of bradycardia. Additionally, benserazide decreases the efficacy of risperidone, thioproperazine, and perospirone. Perospirone, on the other hand, exhibits antipsychotic activities.","[[""Risperidone"", ""has_side_effect"", ""cholelithiasis""], [""Risperidone"", ""has_side_effect"", ""aggressive_reaction""], [""Risperidone"", ""decreases_effect_of"", ""bradycardia""], [""Benserazide"", ""decreases_efficacy_of"", ""Risperidone""], [""Benserazide"", ""decreases_efficacy_of"", ""Thioproperazine""], [""Benserazide"", ""decreases_efficacy_of"", ""Perospirone""], [""Perospirone"", ""exhibits"", ""antipsychotic_activities""]]"
27,"Cabergoline decreases the efficacy of prochlorperazine, periciazine, and gilteritinib. In turn, gilteritinib decreases the efficacy of palonosetron, isocarboxazid, and lurasidone. Periciazine decreases the efficacy of rasagiline and detomidine, while also having the side effect of hyperpyrexia. Prochlorperazine has side effects including apnoea, dysphagia, and autonomic nervous system imbalance.","[[""Cabergoline"", ""decreases_efficacy_of"", ""prochlorperazine""], [""Cabergoline"", ""decreases_efficacy_of"", ""periciazine""], [""Cabergoline"", ""decreases_efficacy_of"", ""gilteritinib""], [""Gilteritinib"", ""decreases_efficacy_of"", ""palonosetron""], [""Gilteritinib"", ""decreases_efficacy_of"", ""isocarboxazid""], [""Gilteritinib"", ""decreases_efficacy_of"", ""lurasidone""], [""Periciazine"", ""decreases_efficacy_of"", ""rasagiline""], [""Periciazine"", ""decreases_efficacy_of"", ""detomidine""], [""Periciazine"", ""has_side_effect"", ""hyperpyrexia""], [""Prochlorperazine"", ""has_side_effect"", ""apnoea""], [""Prochlorperazine"", ""has_side_effect"", ""dysphagia""], [""Prochlorperazine"", ""has_side_effect"", ""autonomic_nervous_system_imbalance""]]","Cabergoline decreases the efficacy of prochlorperazine, periciazine, and gilteritinib. Gilteritinib, in turn, decreases the efficacy of palonosetron, isocarboxazid, and lurasidone. Periciazine decreases the efficacy of rasagiline and detomidine while also causing the side effect hyperpyrexia. Prochlorperazine has side effects such as apnoea, dysphagia, and autonomic nervous system imbalance.","[[""Cabergoline"", ""decreases_efficacy_of"", ""prochlorperazine""], [""Cabergoline"", ""decreases_efficacy_of"", ""periciazine""], [""Cabergoline"", ""decreases_efficacy_of"", ""gilteritinib""], [""Gilteritinib"", ""decreases_efficacy_of"", ""palonosetron""], [""Gilteritinib"", ""decreases_efficacy_of"", ""isocarboxazid""], [""Gilteritinib"", ""decreases_efficacy_of"", ""lurasidone""], [""Periciazine"", ""decreases_efficacy_of"", ""rasagiline""], [""Periciazine"", ""decreases_efficacy_of"", ""detomidine""], [""Periciazine"", ""has_side_effect"", ""hyperpyrexia""], [""Prochlorperazine"", ""has_side_effect"", ""apnoea""], [""Prochlorperazine"", ""has_side_effect"", ""dysphagia""], [""Prochlorperazine"", ""has_side_effect"", ""autonomic_nervous_system_imbalance""]]"
28,"The gene GCH1 is known to cause several conditions including hyperphenylalaninemia, dystonia, and autosomal dominant dopa-responsive dystonia. Hyperphenylalaninemia, in turn, presents with phenotypes such as parkinsonism, choreoathetosis, and restlessness. Dystonia, on the other hand, manifests symptoms like spasticity, blepharospasm, and dysarthria.","[[""GCH1"", ""causes"", ""hyperphenylalaninemia""], [""GCH1"", ""causes"", ""dystonia""], [""GCH1"", ""causes"", ""autosomal_dominant_dopa-responsive_dystonia""], [""hyperphenylalaninemia"", ""presents_with"", ""parkinsonism""], [""hyperphenylalaninemia"", ""presents_with"", ""choreoathetosis""], [""hyperphenylalaninemia"", ""presents_with"", ""restlessness""], [""dystonia"", ""manifests"", ""spasticity""], [""dystonia"", ""manifests"", ""blepharospasm""], [""dystonia"", ""manifests"", ""dysarthria""]]","The gene GCH1 is known to cause several conditions including hyperphenylalaninemia, dystonia, and autosomal dominant dopa-responsive dystonia.

Hyperphenylalaninemia, a condition resulting from GCH1 mutations, manifests with phenotypes such as parkinsonism, choreoathetosis, and restlessness.

Dystonia, also linked to GCH1, presents with symptoms like spasticity, blepharospasm, and dysarthria.","[[""GCH1"", ""causes"", ""hyperphenylalaninemia""], [""GCH1"", ""causes"", ""dystonia""], [""GCH1"", ""causes"", ""autosomal_dominant_dopa-responsive_dystonia""], [""hyperphenylalaninemia"", ""results_from"", ""GCH1_mutations""], [""hyperphenylalaninemia"", ""manifests_with"", ""parkinsonism""], [""hyperphenylalaninemia"", ""manifests_with"", ""choreoathetosis""], [""hyperphenylalaninemia"", ""manifests_with"", ""restlessness""], [""dystonia"", ""linked_to"", ""GCH1""], [""dystonia"", ""presents_with"", ""spasticity""], [""dystonia"", ""presents_with"", ""blepharospasm""], [""dystonia"", ""presents_with"", ""dysarthria""]]"
29,"Botulinum toxin type B increases the effect of CNS depression and sedation. It also increases the efficacy of botulinum toxin type A, which in turn increases the efficacy of lymecycline and magnesium citrate.","[[""Botulinum_toxin_type_B"", ""increases"", ""CNS_depression""], [""Botulinum_toxin_type_B"", ""increases"", ""sedation""], [""Botulinum_toxin_type_B"", ""increases"", ""botulinum_toxin_type_A""], [""botulinum_toxin_type_A"", ""increases"", ""lymecycline""], [""botulinum_toxin_type_A"", ""increases"", ""magnesium_citrate""]]","The botulinum toxin type B increases the effects of sedation and the efficacy of botulinum toxin type A, while decreasing the effects of CNS depression. Botulinum toxin type A enhances the efficacy of lymecycline and magnesium citrate.","[[""Botulinum_toxin_type_B"", ""increases"", ""sedation""], [""Botulinum_toxin_type_B"", ""decreases"", ""CNS_depression""], [""Botulinum_toxin_type_B"", ""increases"", ""botulinum_toxin_type_A""], [""botulinum_toxin_type_A"", ""increases"", ""lymecycline""], [""botulinum_toxin_type_A"", ""increases"", ""magnesium_citrate""]]"
30,"The drug delafloxacin increases its efficacy when used in combination with phenindione and evogliptin, but it also increases adverse effects. Chlorthalidone decreases the efficacy of fentiazac, taspoglutide, and serdexmethylphenidate. Phentermine targets the sodium-dependent dopamine transporter and decreases the efficacy of brexpiprazole. Ertugliflozin enhances the efficacy of phentermine and delafloxacin while decreasing the efficacy of chlorthalidone.","[[""delafloxacin"", ""increases_efficacy_with"", ""phenindione""], [""delafloxacin"", ""increases_efficacy_with"", ""evogliptin""], [""delafloxacin"", ""increases"", ""adverse_effects""], [""chlorthalidone"", ""decreases_efficacy_of"", ""fentiazac""], [""chlorthalidone"", ""decreases_efficacy_of"", ""taspoglutide""], [""chlorthalidone"", ""decreases_efficacy_of"", ""serdexmethylphenidate""], [""phentermine"", ""targets"", ""sodium-dependent_dopamine_transporter""], [""phentermine"", ""decreases_efficacy_of"", ""brexpiprazole""], [""ertugliflozin"", ""enhances_efficacy_of"", ""phentermine""], [""ertugliflozin"", ""enhances_efficacy_of"", ""delafloxacin""], [""ertugliflozin"", ""decreases_efficacy_of"", ""chlorthalidone""]]","Delafloxacin increases adverse effects and increases the efficacy of phenindione and evogliptin. Chlorthalidone decreases the efficacy of fentiazac, taspoglutide, and serdexmethylphenidate. Phentermine targets the sodium-dependent dopamine transporter and decreases the efficacy of brexpiprazole. Ertugliflozin increases the efficacy of phentermine and delafloxacin, while decreasing the efficacy of chlorthalidone.","[[""delafloxacin"", ""increases_efficacy_of"", ""phenindione""], [""delafloxacin"", ""increases_efficacy_of"", ""evogliptin""], [""delafloxacin"", ""increases"", ""adverse_effects""], [""chlorthalidone"", ""decreases_efficacy_of"", ""fentiazac""], [""chlorthalidone"", ""decreases_efficacy_of"", ""taspoglutide""], [""chlorthalidone"", ""decreases_efficacy_of"", ""serdexmethylphenidate""], [""phentermine"", ""targets"", ""sodium-dependent_dopamine_transporter""], [""phentermine"", ""decreases_efficacy_of"", ""brexpiprazole""], [""ertugliflozin"", ""increases_efficacy_of"", ""phentermine""], [""ertugliflozin"", ""increases_efficacy_of"", ""delafloxacin""], [""ertugliflozin"", ""decreases_efficacy_of"", ""chlorthalidone""]]"
31,"The drug bucindolol increases the efficacy of nateglinide but decreases the efficacy of nebivolol. In addition, bucindolol also increases the efficacy of saxagliptin. Nebivolol, on the other hand, increases the efficacy of both bisegliptin and albiglutide. Nateglinide increases the efficacy of trovafloxacin and azosemide but has a side effect of causing influenza. Saxagliptin increases the efficacy of garenoxacin and phthalylsulfathiazole but decreases the efficacy of lonapegsomatropin.","[[""bucindolol"", ""increases_efficacy_of"", ""nateglinide""], [""bucindolol"", ""decreases_efficacy_of"", ""nebivolol""], [""bucindolol"", ""increases_efficacy_of"", ""saxagliptin""], [""nebivolol"", ""increases_efficacy_of"", ""bisegliptin""], [""nebivolol"", ""increases_efficacy_of"", ""albiglutide""], [""nateglinide"", ""increases_efficacy_of"", ""trovafloxacin""], [""nateglinide"", ""increases_efficacy_of"", ""azosemide""], [""nateglinide"", ""has_side_effect"", ""influenza""], [""saxagliptin"", ""increases_efficacy_of"", ""garenoxacin""], [""saxagliptin"", ""increases_efficacy_of"", ""phthalylsulfathiazole""], [""saxagliptin"", ""decreases_efficacy_of"", ""lonapegsomatropin""]]","The drug bucindolol increases the efficacy of both nateglinide and saxagliptin. Additionally, nateglinide is associated with the side effect of influenza. Saxagliptin also enhances the efficacy of phthalylsulfathiazole.","[[""bucindolol"", ""increases_efficacy_of"", ""nateglinide""], [""bucindolol"", ""increases_efficacy_of"", ""saxagliptin""], [""nateglinide"", ""has_side_effect"", ""influenza""], [""saxagliptin"", ""increases_efficacy_of"", ""phthalylsulfathiazole""]]"
32,"The drug cyanocobalamin decreases the efficacy of linezolid, docetaxel, and cabazitaxel. Linezolid further decreases the efficacy of secobarbital and typhoid vaccine, and has a side effect of Vulvovaginal mycotic infection. Docetaxel has a side effect of Cardiac disorder. Cabazitaxel decreases the efficacy of typhoid vi polysaccharide vaccine, hepatitis b vaccine (recombinant), and modified vaccinia ankara.","[[""cyanocobalamin"", ""decreases_efficacy_of"", ""linezolid""], [""cyanocobalamin"", ""decreases_efficacy_of"", ""docetaxel""], [""cyanocobalamin"", ""decreases_efficacy_of"", ""cabazitaxel""], [""linezolid"", ""decreases_efficacy_of"", ""secobarbital""], [""linezolid"", ""decreases_efficacy_of"", ""typhoid_vaccine""], [""linezolid"", ""has_side_effect"", ""Vulvovaginal_mycotic_infection""], [""docetaxel"", ""has_side_effect"", ""Cardiac_disorder""], [""cabazitaxel"", ""decreases_efficacy_of"", ""typhoid_vi_polysaccharide_vaccine""], [""cabazitaxel"", ""decreases_efficacy_of"", ""hepatitis_b_vaccine_recombinant""], [""cabazitaxel"", ""decreases_efficacy_of"", ""modified_vaccinia_ankara""]]","Cyanocobalamin decreases efficacy of linezolid, docetaxel, and cabazitaxel. Linezolid in turn decreases efficacy of secobarbital and typhoid vaccine, while causing vulvovaginal mycotic infection as a side effect. Docetaxel is associated with cardiac disorder as a side effect, and cabazitaxel reduces efficacy of typhoid vi polysaccharide vaccine, hepatitis b vaccine (recombinant), and modified vaccinia ankara.","[[""cyanocobalamin"", ""decreases_efficacy_of"", ""linezolid""], [""cyanocobalamin"", ""decreases_efficacy_of"", ""docetaxel""], [""cyanocobalamin"", ""decreases_efficacy_of"", ""cabazitaxel""], [""linezolid"", ""decreases_efficacy_of"", ""secobarbital""], [""linezolid"", ""decreases_efficacy_of"", ""typhoid_vaccine""], [""linezolid"", ""has_side_effect"", ""vulvovaginal_mycotic_infection""], [""docetaxel"", ""has_side_effect"", ""cardiac_disorder""], [""cabazitaxel"", ""reduces_efficacy_of"", ""typhoid_vi_polysaccharide_vaccine""], [""cabazitaxel"", ""reduces_efficacy_of"", ""hepatitis_b_vaccine_recombinant""], [""cabazitaxel"", ""reduces_efficacy_of"", ""modified_vaccinia_ankara""]]"
33,"Levonordefrin increases the effect of hypotension. Droperidol decreases the efficacy of procaterol, levonordefrin, and epicriptine.","[[""Levonordefrin"", ""increases_effect_of"", ""hypotension""], [""Droperidol"", ""decreases_efficacy_of"", ""procaterol""], [""Droperidol"", ""decreases_efficacy_of"", ""levonordefrin""], [""Droperidol"", ""decreases_efficacy_of"", ""epicriptine""]]","Levonordefrin decreases the effect of hypotension. Droperidol decreases the efficacy of procaterol, levonordefrin, and epicriptine.","[[""Levonordefrin"", ""decreases_effect_of"", ""hypotension""], [""Droperidol"", ""decreases_efficacy_of"", ""procaterol""], [""Droperidol"", ""decreases_efficacy_of"", ""levonordefrin""], [""Droperidol"", ""decreases_efficacy_of"", ""epicriptine""]]"
34,"The drug gilteritinib decreases the efficacy of levothyroxine, triflupromazine, and lofexidine. Levothyroxine, in turn, decreases the efficacy of nn344 but increases the efficacy of aloxiprin and has a target in solute carrier family 22 member 1. Triflupromazine decreases the efficacy of mechlorethamine, methylprednisolone, and emodin. Lofexidine decreases the efficacy of diflunisal but increases the efficacy of zonisamide and fazadinium bromide.","[[""gilteritinib"", ""decreases_efficacy_of"", ""levothyroxine""], [""gilteritinib"", ""decreases_efficacy_of"", ""triflupromazine""], [""gilteritinib"", ""decreases_efficacy_of"", ""lofexidine""], [""levothyroxine"", ""decreases_efficacy_of"", ""nn344""], [""levothyroxine"", ""increases_efficacy_of"", ""aloxiprin""], [""levothyroxine"", ""target_in"", ""solute_carrier_family_22_member_1""], [""triflupromazine"", ""decreases_efficacy_of"", ""mechlorethamine""], [""triflupromazine"", ""decreases_efficacy_of"", ""methylprednisolone""], [""triflupromazine"", ""decreases_efficacy_of"", ""emodin""], [""lofexidine"", ""decreases_efficacy_of"", ""diflunisal""], [""lofexidine"", ""increases_efficacy_of"", ""zonisamide""], [""lofexidine"", ""increases_efficacy_of"", ""fazadinium_bromide""]]","The drug gilteritinib decreases the efficacy of levothyroxine, triflupromazine, and lofexidine. Levothyroxine, in turn, decreases the efficacy of nn344 and increases the efficacy of aloxiprin. Additionally, levothyroxine targets solute carrier family 22 member 1. Triflupromazine decreases the efficacy of mechlorethamine, methylprednisolone, and emodin. Lofexidine decreases the efficacy of diflunisal while increasing the efficacy of zonisamide and fazadinium bromide.","[[""gilteritinib"", ""decreases_efficacy_of"", ""levothyroxine""], [""gilteritinib"", ""decreases_efficacy_of"", ""triflupromazine""], [""gilteritinib"", ""decreases_efficacy_of"", ""lofexidine""], [""levothyroxine"", ""decreases_efficacy_of"", ""nn344""], [""levothyroxine"", ""increases_efficacy_of"", ""aloxiprin""], [""levothyroxine"", ""target_in"", ""solute_carrier_family_22_member_1""], [""triflupromazine"", ""decreases_efficacy_of"", ""mechlorethamine""], [""triflupromazine"", ""decreases_efficacy_of"", ""methylprednisolone""], [""triflupromazine"", ""decreases_efficacy_of"", ""emodin""], [""lofexidine"", ""decreases_efficacy_of"", ""diflunisal""], [""lofexidine"", ""increases_efficacy_of"", ""zonisamide""], [""lofexidine"", ""increases_efficacy_of"", ""fazadinium_bromide""]]"
35,"The drug ethchlorvynol increases the effects of sedation and neuropsychiatric effects. Additionally, ethchlorvynol enhances the efficacy of lofexidine. Lofexidine, in turn, boosts the efficacy of vigabatrin.","[[""ethchlorvynol"", ""increases"", ""sedation""], [""ethchlorvynol"", ""increases"", ""neuropsychiatric_effects""], [""ethchlorvynol"", ""enhances"", ""lofexidine""], [""lofexidine"", ""boosts"", ""vigabatrin""]]","Ethchlorvynol increases the neuropsychiatric effects and decreases sedation. It also increases the efficacy of lofexidine, which in turn boosts the efficacy of vigabatrin.","[[""ethchlorvynol"", ""increases"", ""neuropsychiatric_effects""], [""ethchlorvynol"", ""decreases"", ""sedation""], [""ethchlorvynol"", ""increases"", ""lofexidine""], [""lofexidine"", ""boosts"", ""vigabatrin""]]"
36,"Gemtuzumab ozogamicin increases the activity of the thrombogenic activities but decreases the efficacy of the pertussis vaccine. It also affects the sulfotransferase family 2b member 1. Additionally, the pertussis vaccine reduces the efficacy of tioguanine, gemcitabine, and vedolizumab.","[[""Gemtuzumab_ozogamicin"", ""increases"", ""thrombogenic_activities""], [""Gemtuzumab_ozogamicin"", ""decreases"", ""pertussis_vaccine""], [""Gemtuzumab_ozogamicin"", ""affects"", ""sulfotransferase_family_2B_member_1""], [""pertussis_vaccine"", ""reduces"", ""tioguanine""], [""pertussis_vaccine"", ""reduces"", ""gemcitabine""], [""pertussis_vaccine"", ""reduces"", ""vedolizumab""]]","Gemtuzumab ozogamicin decreases the efficacy of the pertussis vaccine. It also affects the sulfotransferase family 2B member 1 and decreases the activity of the thrombogenic activities. In turn, the pertussis vaccine reduces the efficacy of tioguanine, gemcitabine, and vedolizumab.","[[""Gemtuzumab_ozogamicin"", ""decreases"", ""pertussis_vaccine""], [""Gemtuzumab_ozogamicin"", ""affects"", ""sulfotransferase_family_2B_member_1""], [""Gemtuzumab_ozogamicin"", ""decreases"", ""thrombogenic_activities""], [""pertussis_vaccine"", ""reduces"", ""tioguanine""], [""pertussis_vaccine"", ""reduces"", ""gemcitabine""], [""pertussis_vaccine"", ""reduces"", ""vedolizumab""]]"
37,"Capmatinib decreases the efficacy of salmon calcitonin and affects the met proto-oncogene. Elcatonin reduces the efficacy of fluvoxamine, sertraline, and capmatinib. Fluvoxamine has side effects such as neck pain, herpes simplex, and tinnitus. Sertraline is indicated for chills and can cause side effects like dysphagia and toxic epidermal necrolysis.","[[""Capmatinib"", ""decreases_efficacy_of"", ""salmon_calcitonin""], [""Capmatinib"", ""affects"", ""met_proto-oncogene""], [""Elcatonin"", ""reduces_efficacy_of"", ""fluvoxamine""], [""Elcatonin"", ""reduces_efficacy_of"", ""sertraline""], [""Elcatonin"", ""reduces_efficacy_of"", ""capmatinib""], [""Fluvoxamine"", ""has_side_effect"", ""neck_pain""], [""Fluvoxamine"", ""has_side_effect"", ""herpes_simplex""], [""Fluvoxamine"", ""has_side_effect"", ""tinnitus""], [""Sertraline"", ""indicated_for"", ""chills""], [""Sertraline"", ""has_side_effect"", ""dysphagia""], [""Sertraline"", ""has_side_effect"", ""toxic_epidermal_necrolysis""]]","Capmatinib decreases the efficacy of salmon calcitonin and affects the met proto-oncogene. Elcatonin decreases the efficacy of fluvoxamine, sertraline, and capmatinib. Fluvoxamine has side effects including neck pain, herpes simplex, and tinnitus. Sertraline has indications for chills and side effects such as dysphagia and toxic epidermal necrolysis.","[[""Capmatinib"", ""decreases_efficacy_of"", ""salmon_calcitonin""], [""Capmatinib"", ""affects"", ""met_proto-oncogene""], [""Elcatonin"", ""decreases_efficacy_of"", ""fluvoxamine""], [""Elcatonin"", ""decreases_efficacy_of"", ""sertraline""], [""Elcatonin"", ""decreases_efficacy_of"", ""capmatinib""], [""Fluvoxamine"", ""has_side_effect"", ""neck_pain""], [""Fluvoxamine"", ""has_side_effect"", ""herpes_simplex""], [""Fluvoxamine"", ""has_side_effect"", ""tinnitus""], [""Sertraline"", ""has_indication_for"", ""chills""], [""Sertraline"", ""has_side_effect"", ""dysphagia""], [""Sertraline"", ""has_side_effect"", ""toxic_epidermal_necrolysis""]]"
38,"The compound 3,5-diiodotyrosine targets alpha-amylase g-6 and decreases the efficacy of osimertinib and insulin degludec. Additionally, methylthiouracil decreases the efficacy of imatinib, chlorpropamide, and ibrutinib. Furthermore, acalabrutinib decreases the efficacy of salmon calcitonin, 3,5-diiodotyrosine, and methylthiouracil.","[[""3,5-diiodotyrosine"", ""targets"", ""alpha-amylase_g-6""], [""3,5-diiodotyrosine"", ""decreases_efficacy_of"", ""osimertinib""], [""3,5-diiodotyrosine"", ""decreases_efficacy_of"", ""insulin_degludec""], [""methylthiouracil"", ""decreases_efficacy_of"", ""imatinib""], [""methylthiouracil"", ""decreases_efficacy_of"", ""chlorpropamide""], [""methylthiouracil"", ""decreases_efficacy_of"", ""ibrutinib""], [""acalabrutinib"", ""decreases_efficacy_of"", ""salmon_calcitonin""], [""acalabrutinib"", ""decreases_efficacy_of"", ""3,5-diiodotyrosine""], [""acalabrutinib"", ""decreases_efficacy_of"", ""methylthiouracil""]]","The compound 3,5-diiodotyrosine targets alpha-amylase g-6 and decreases the efficacy of osimertinib and insulin degludec. Meanwhile, methylthiouracil reduces the efficacy of imatinib, chlorpropamide, and ibrutinib. Additionally, acalabrutinib decreases the efficacy of salmon calcitonin.","[[""3,5-diiodotyrosine"", ""targets"", ""alpha-amylase_g-6""], [""3,5-diiodotyrosine"", ""decreases_efficacy_of"", ""osimertinib""], [""3,5-diiodotyrosine"", ""decreases_efficacy_of"", ""insulin_degludec""], [""methylthiouracil"", ""reduces_efficacy_of"", ""imatinib""], [""methylthiouracil"", ""reduces_efficacy_of"", ""chlorpropamide""], [""methylthiouracil"", ""reduces_efficacy_of"", ""ibrutinib""], [""acalabrutinib"", ""decreases_efficacy_of"", ""salmon_calcitonin""]]"
39,"Human interferon omega-1 increases the activity of the myelosuppressive activities. It also decreases the efficacy of allogeneic processed thymus tissue. Cyanocobalamin reduces the effectiveness of azacitidine, human interferon omega-1, and has an indication for anemia. Potassium perchlorate diminishes the efficacy of radicicol, ruxolitinib, and pexidartinib. Sorafenib has an effect on bleeding, while reducing the effectiveness of cyanocobalamin and potassium perchlorate.","[[""Human_interferon_omega-1"", ""increases"", ""myelosuppressive_activities""], [""Human_interferon_omega-1"", ""decreases"", ""allogeneic_processed_thymus_tissue""], [""Cyanocobalamin"", ""reduces"", ""azacitidine""], [""Cyanocobalamin"", ""reduces"", ""human_interferon_omega-1""], [""Cyanocobalamin"", ""indication_for"", ""anemia""], [""Potassium_perchlorate"", ""diminishes"", ""radicicol""], [""Potassium_perchlorate"", ""diminishes"", ""ruxolitinib""], [""Potassium_perchlorate"", ""diminishes"", ""pexidartinib""], [""Sorafenib"", ""has_effect_on"", ""bleeding""], [""Sorafenib"", ""reduces"", ""cyanocobalamin""], [""Sorafenib"", ""reduces"", ""potassium_perchlorate""]]","Human interferon omega-1 decreases the efficacy of allogeneic processed thymus tissue and the activity of the myelosuppressive activities. Cyanocobalamin decreases the efficacy of azacitidine and human interferon omega-1, while also having an indication for anemia. Potassium perchlorate decreases the efficacy of radicicol, ruxolitinib, and pexidartinib. Sorafenib has an effect on bleeding and decreases the efficacy of cyanocobalamin and potassium perchlorate.","[[""Human_interferon_omega-1"", ""decreases"", ""allogeneic_processed_thymus_tissue""], [""Human_interferon_omega-1"", ""decreases"", ""myelosuppressive_activities""], [""Cyanocobalamin"", ""decreases"", ""azacitidine""], [""Cyanocobalamin"", ""decreases"", ""human_interferon_omega-1""], [""Cyanocobalamin"", ""indication_for"", ""anemia""], [""Potassium_perchlorate"", ""decreases"", ""radicicol""], [""Potassium_perchlorate"", ""decreases"", ""ruxolitinib""], [""Potassium_perchlorate"", ""decreases"", ""pexidartinib""], [""Sorafenib"", ""has_effect_on"", ""bleeding""], [""Sorafenib"", ""decreases"", ""cyanocobalamin""], [""Sorafenib"", ""decreases"", ""potassium_perchlorate""]]"
40,"The drug glibornuride decreases the efficacy of diazoxide, octylphenoxy polyethoxyethanol, and increases the efficacy of celiprolol. 

Nitrofurantoin increases the efficacy of testosterone succinate and has side effects including increased body temperature and tingling sensation. 

Anastrozole targets cytochrome p450 19a1. 

Estradiol acetate decreases the efficacy of nitrofurantoin, anastrozole, and glibornuride.","[[""glibornuride"", ""decreases_efficacy_of"", ""diazoxide""], [""glibornuride"", ""decreases_efficacy_of"", ""octylphenoxy_polyethoxyethanol""], [""glibornuride"", ""increases_efficacy_of"", ""celiprolol""], [""nitrofurantoin"", ""increases_efficacy_of"", ""testosterone_succinate""], [""nitrofurantoin"", ""has_side_effect"", ""increased_body_temperature""], [""nitrofurantoin"", ""has_side_effect"", ""tingling_sensation""], [""anastrozole"", ""targets"", ""cytochrome_p450_19a1""], [""estradiol_acetate"", ""decreases_efficacy_of"", ""nitrofurantoin""], [""estradiol_acetate"", ""decreases_efficacy_of"", ""anastrozole""], [""estradiol_acetate"", ""decreases_efficacy_of"", ""glibornuride""]]","The drug glibornuride decreases the efficacy of diazoxide, octylphenoxy polyethoxyethanol, and increases the efficacy of celiprolol. Additionally, estradiol acetate decreases the efficacy of nitrofurantoin, anastrozole, and glibornuride. Nitrofurantoin increases the efficacy of testosterone succinate and has side effects such as increased body temperature and tingling sensation. Anastrozole targets cytochrome p450 19a1.","[[""glibornuride"", ""decreases_efficacy_of"", ""diazoxide""], [""glibornuride"", ""decreases_efficacy_of"", ""octylphenoxy_polyethoxyethanol""], [""glibornuride"", ""increases_efficacy_of"", ""celiprolol""], [""estradiol_acetate"", ""decreases_efficacy_of"", ""nitrofurantoin""], [""estradiol_acetate"", ""decreases_efficacy_of"", ""anastrozole""], [""estradiol_acetate"", ""decreases_efficacy_of"", ""glibornuride""], [""nitrofurantoin"", ""increases_efficacy_of"", ""testosterone_succinate""], [""nitrofurantoin"", ""has_side_effect"", ""increased_body_temperature""], [""nitrofurantoin"", ""has_side_effect"", ""tingling_sensation""], [""anastrozole"", ""targets"", ""cytochrome_p450_19a1""]]"
41,"The gene ND1 is known to cause Leber optic atrophy, mitochondrial myopathy, and isolated complex I deficiency. Mitochondrial myopathy, in turn, is associated with phenotypes such as macroglossia, hypertrichosis, and distal peripheral sensory neuropathy. Isolated complex I deficiency, on the other hand, manifests in phenotypes like microcephaly, diabetes mellitus, and feeding difficulties.","[[""ND1"", ""causes"", ""Leber_optic_atrophy""], [""ND1"", ""causes"", ""mitochondrial_myopathy""], [""ND1"", ""causes"", ""isolated_complex_I_deficiency""], [""mitochondrial_myopathy"", ""associated_with"", ""macroglossia""], [""mitochondrial_myopathy"", ""associated_with"", ""hypertrichosis""], [""mitochondrial_myopathy"", ""associated_with"", ""distal_peripheral_sensory_neuropathy""], [""isolated_complex_I_deficiency"", ""manifests_in"", ""microcephaly""], [""isolated_complex_I_deficiency"", ""manifests_in"", ""diabetes_mellitus""], [""isolated_complex_I_deficiency"", ""manifests_in"", ""feeding_difficulties""]]","The gene ND1 is known to cause the condition Leber optic atrophy. Mitochondrial myopathy presents with phenotypes such as macroglossia, hypertrichosis, and distal peripheral sensory neuropathy. Additionally, isolated complex I deficiency is associated with phenotypes including microcephaly, diabetes mellitus, and feeding difficulties.","[[""ND1"", ""causes"", ""Leber_optic_atrophy""], [""mitochondrial_myopathy"", ""presents_with"", ""macroglossia""], [""mitochondrial_myopathy"", ""presents_with"", ""hypertrichosis""], [""mitochondrial_myopathy"", ""presents_with"", ""distal_peripheral_sensory_neuropathy""], [""isolated_complex_I_deficiency"", ""associated_with"", ""microcephaly""], [""isolated_complex_I_deficiency"", ""associated_with"", ""diabetes_mellitus""], [""isolated_complex_I_deficiency"", ""associated_with"", ""feeding_difficulties""]]"
42,"The chemical octocrylene targets both estrogen receptor alpha and estrogen receptor beta. Estrogen receptor alpha is a gene product of ESR1, which is implicated in causing estrogen resistance syndrome and acts within pathways such as PIP3 activates AKT signaling and Estrogen-dependent gene expression. Additionally, estrogen receptor beta is a gene product of ESR2. On the other hand, estrogen receptor alpha is also a gene product of VHL, which is associated with causing erythrocytosis and acts within pathways related to SUMOylation of ubiquitinylation proteins and the RHOBTB3 ATPase cycle.","[[""octocrylene"", ""targets"", ""estrogen_receptor_alpha""], [""octocrylene"", ""targets"", ""estrogen_receptor_beta""], [""estrogen_receptor_alpha"", ""gene_product_of"", ""ESR1""], [""ESR1"", ""implicated_in"", ""estrogen_resistance_syndrome""], [""estrogen_receptor_alpha"", ""acts_within"", ""PIP3_activates_AKT_signaling""], [""estrogen_receptor_alpha"", ""acts_within"", ""Estrogen-dependent_gene_expression""], [""estrogen_receptor_beta"", ""gene_product_of"", ""ESR2""], [""estrogen_receptor_alpha"", ""gene_product_of"", ""VHL""], [""VHL"", ""associated_with"", ""erythrocytosis""], [""VHL"", ""acts_within"", ""SUMOylation_of_ubiquitinylation_proteins""], [""VHL"", ""acts_within"", ""RHOBTB3_ATPase_cycle""]]",The compound octocrylene targets the estrogen receptor beta. Estrogen receptor alpha is a gene product of ESR1 and estrogen receptor beta is a gene product of ESR2. ESR1 is associated with causing estrogen resistance syndrome and functions within pathways including PIP3 activates AKT signaling and Estrogen-dependent gene expression. VHL is linked to causing erythrocytosis and participates in processes such as SUMOylation of ubiquitinylation proteins and the RHOBTB3 ATPase cycle.,"[[""octocrylene"", ""targets"", ""estrogen_receptor_beta""], [""estrogen_receptor_alpha"", ""gene_product_of"", ""ESR1""], [""estrogen_receptor_beta"", ""gene_product_of"", ""ESR2""], [""ESR1"", ""associated_with"", ""estrogen_resistance_syndrome""], [""ESR1"", ""functions_within"", ""PIP3_activates_AKT_signaling""], [""ESR1"", ""functions_within"", ""Estrogen-dependent_gene_expression""], [""VHL"", ""linked_to"", ""erythrocytosis""], [""VHL"", ""participates_in"", ""SUMOylation_of_ubiquitinylation_proteins""], [""VHL"", ""participates_in"", ""RHOBTB3_ATPase_cycle""]]"
43,"Cidofovir decreases the efficacy of rubella virus vaccine, leading to potential side effects such as bronchitis and dry skin. Stavudine also decreases the efficacy of varicella zoster vaccine (live/attenuated) and is associated with side effects like constipation and headache. The varicella zoster vaccine (live/attenuated), on the other hand, decreases the efficacy of cidofovir, zanamivir, and atazanavir.","[[""Cidofovir"", ""decreases_efficacy_of"", ""rubella_virus_vaccine""], [""Cidofovir"", ""leads_to"", ""bronchitis""], [""Cidofovir"", ""leads_to"", ""dry_skin""], [""Stavudine"", ""decreases_efficacy_of"", ""varicella_zoster_vaccine""], [""Stavudine"", ""associated_with"", ""constipation""], [""Stavudine"", ""associated_with"", ""headache""], [""varicella_zoster_vaccine"", ""decreases_efficacy_of"", ""Cidofovir""], [""varicella_zoster_vaccine"", ""decreases_efficacy_of"", ""zanamivir""], [""varicella_zoster_vaccine"", ""decreases_efficacy_of"", ""atazanavir""]]","Cidofovir reduces the efficacy of thio-maltopentaose and has side effects including bronchitis and cryptococcal meningitis. Stavudine decreases the efficacy of tiracizine and causes side effects such as decreased serum prolactin and headaches. Tiracizine, in turn, reduces the efficacy of cidofovir, zanamivir, and atazanavir.","[[""Cidofovir"", ""reduces_efficacy_of"", ""thio-maltopentaose""], [""Cidofovir"", ""leads_to"", ""bronchitis""], [""Cidofovir"", ""leads_to"", ""cryptococcal_meningitis""], [""Stavudine"", ""decreases_efficacy_of"", ""tiracizine""], [""Stavudine"", ""leads_to"", ""decreased_serum_prolactin""], [""Stavudine"", ""leads_to"", ""headaches""], [""Tiracizine"", ""reduces_efficacy_of"", ""Cidofovir""], [""Tiracizine"", ""reduces_efficacy_of"", ""zanamivir""], [""Tiracizine"", ""reduces_efficacy_of"", ""atazanavir""]]"
44,"Yohimbine increases neuropsychiatric effects. Deramciclane decreases the efficacy of mefloquine and borage oil, but increases the efficacy of yohimbine.","[[""Yohimbine"", ""increases"", ""neuropsychiatric_effects""], [""Deramciclane"", ""decreases_efficacy_of"", ""mefloquine""], [""Deramciclane"", ""decreases_efficacy_of"", ""borage_oil""], [""Deramciclane"", ""increases_efficacy_of"", ""yohimbine""]]","Yohimbine reduces the neuropsychiatric effects. Deramciclane decreases the efficacy of mefloquine, but increases the efficacy of yohimbine. Additionally, deramciclane decreases the efficacy of borage oil.","[[""Yohimbine"", ""reduces"", ""neuropsychiatric_effects""], [""Deramciclane"", ""decreases_efficacy_of"", ""mefloquine""], [""Deramciclane"", ""increases_efficacy_of"", ""yohimbine""], [""Deramciclane"", ""decreases_efficacy_of"", ""borage_oil""]]"
45,"The drug Lomefloxacin is known to increase the effect of bradycardia, and its efficacy with both pentamidine and balaglitazone. Additionally, Voglibose increases the efficacy of Lomefloxacin and Carvedilol, but decreases the efficacy of Hydroxyprogesterone caproate.","[[""Lomefloxacin"", ""increases_effect_of"", ""bradycardia""], [""Lomefloxacin"", ""efficacy_with"", ""pentamidine""], [""Lomefloxacin"", ""efficacy_with"", ""balaglitazone""], [""Voglibose"", ""increases_efficacy_of"", ""Lomefloxacin""], [""Voglibose"", ""increases_efficacy_of"", ""Carvedilol""], [""Voglibose"", ""decreases_efficacy_of"", ""Hydroxyprogesterone_caproate""]]","The drug lomefloxacin increases the effect on bradycardia. Additionally, lomefloxacin enhances the efficacy of pentamidine and balaglitazone. Voglibose, on the other hand, boosts the efficacy of lomefloxacin and carvedilol, but reduces the efficacy of hydroxyprogesterone caproate.","[[""lomefloxacin"", ""increases_effect_on"", ""bradycardia""], [""lomefloxacin"", ""enhances_efficacy_of"", ""pentamidine""], [""lomefloxacin"", ""enhances_efficacy_of"", ""balaglitazone""], [""Voglibose"", ""boosts_efficacy_of"", ""lomefloxacin""], [""Voglibose"", ""boosts_efficacy_of"", ""carvedilol""], [""Voglibose"", ""reduces_efficacy_of"", ""hydroxyprogesterone_caproate""]]"
46,"The drug timolol increases the activity of the antihypertensive activities while decreasing the efficacy of tulobuterol. Detomidine decreases the efficacy of timolol, doxazosin, and dronedarone. Doxazosin additionally decreases the efficacy of moxonidine and vibegron, with a side effect of causing myocardial ischaemia. Dronedarone targets both the alpha-2b adrenergic receptor and the thyroid hormone receptor alpha, while also decreasing the efficacy of isometheptene.","[[""timolol"", ""increases"", ""antihypertensive_activities""], [""timolol"", ""decreases"", ""tulobuterol""], [""detomidine"", ""decreases"", ""timolol""], [""detomidine"", ""decreases"", ""doxazosin""], [""detomidine"", ""decreases"", ""dronedarone""], [""doxazosin"", ""decreases"", ""moxonidine""], [""doxazosin"", ""decreases"", ""vibegron""], [""doxazosin"", ""causes"", ""myocardial_ischaemia""], [""dronedarone"", ""targets"", ""alpha-2b_adrenergic_receptor""], [""dronedarone"", ""targets"", ""thyroid_hormone_receptor_alpha""], [""dronedarone"", ""decreases"", ""isometheptene""]]","The drug timolol decreases the efficacy of tulobuterol and the antihypertensive activities.

Detomidine decreases the efficacy of timolol, doxazosin, and dronedarone.

Doxazosin decreases the efficacy of moxonidine and vibegron, and has a side effect of causing myocardial ischaemia.

Dronedarone has targets including the alpha-2b adrenergic receptor and the thyroid hormone receptor alpha, while also decreasing the efficacy of isometheptene.","[[""timolol"", ""decreases"", ""tulobuterol""], [""timolol"", ""decreases"", ""antihypertensive_activities""], [""detomidine"", ""decreases"", ""timolol""], [""detomidine"", ""decreases"", ""doxazosin""], [""detomidine"", ""decreases"", ""dronedarone""], [""doxazosin"", ""decreases"", ""moxonidine""], [""doxazosin"", ""decreases"", ""vibegron""], [""doxazosin"", ""causes"", ""myocardial_ischaemia""], [""dronedarone"", ""targets"", ""alpha-2b_adrenergic_receptor""], [""dronedarone"", ""targets"", ""thyroid_hormone_receptor_alpha""], [""dronedarone"", ""decreases"", ""isometheptene""]]"
47,"The drug Bisindolylmaleimide VIII targets both Myotonin-protein kinase and 3-phosphoinositide-dependent protein kinase 1. Myotonin-protein kinase is a gene product of DMPK which causes myotonic dystrophy 1 and congenital-onset steinert myotonic dystrophy. Myotonic dystrophy 1 is associated with phenotypes like facial diplegia and autosomal dominant inheritance. Congenital-onset Steinert myotonic dystrophy presents symptoms such as autistic behavior, diarrhea, and sleep disturbance. 3-phosphoinositide-dependent protein kinase 1 is a gene product of PDPK1, which acts within pathways including Role of LAT2/NTAL/LAB on calcium mobilization, VEGFR2 mediated vascular permeability, and VEGFR2 mediated cell proliferation. DMPK also plays a role in ion homeostasis.","[[""Bisindolylmaleimide_VIII"", ""targets"", ""Myotonin-protein_kinase""], [""Bisindolylmaleimide_VIII"", ""targets"", ""3-phosphoinositide-dependent_protein_kinase_1""], [""Myotonin-protein_kinase"", ""gene_product_of"", ""DMPK""], [""DMPK"", ""causes"", ""myotonic_dystrophy_1""], [""DMPK"", ""causes"", ""congenital-onset_steinert_myotonic_dystrophy""], [""myotonic_dystrophy_1"", ""associated_with"", ""facial_diplegia""], [""myotonic_dystrophy_1"", ""associated_with"", ""autosomal_dominant_inheritance""], [""congenital-onset_steinert_myotonic_dystrophy"", ""presents_symptoms"", ""autistic_behavior""], [""congenital-onset_steinert_myotonic_dystrophy"", ""presents_symptoms"", ""diarrhea""], [""congenital-onset_steinert_myotonic_dystrophy"", ""presents_symptoms"", ""sleep_disturbance""], [""3-phosphoinositide-dependent_protein_kinase_1"", ""gene_product_of"", ""PDPK1""], [""PDPK1"", ""acts_in"", ""Role_of_LAT2/NTAL/LAB_on_calcium_mobilization""], [""PDPK1"", ""acts_in"", ""VEGFR2_mediated_vascular_permeability""], [""PDPK1"", ""acts_in"", ""VEGFR2_mediated_cell_proliferation""], [""DMPK"", ""plays_role_in"", ""ion_homeostasis""]]",The myotonin-protein kinase is a gene product of DMPK.,"[[""myotonin-protein_kinase"", ""gene_product_of"", ""DMPK""]]"
48,"The drug sulfadiazine increases the activity of the excretion rate and has side effects such as dermatitis exfoliative and hepatitis. 
Additionally, teprotumumab decreases the efficacy of sulfadiazine, rindopepimut, and sipuleucel-t. 
Furthermore, sipuleucel-t decreases the efficacy of dacarbazine, hydroxychloroquine, and briakinumab.","[[""sulfadiazine"", ""increases"", ""excretion_rate""], [""sulfadiazine"", ""has_side_effect"", ""dermatitis_exfoliative""], [""sulfadiazine"", ""has_side_effect"", ""hepatitis""], [""teprotumumab"", ""decreases_efficacy_of"", ""sulfadiazine""], [""teprotumumab"", ""decreases_efficacy_of"", ""rindopepimut""], [""teprotumumab"", ""decreases_efficacy_of"", ""sipuleucel-t""], [""sipuleucel-t"", ""decreases_efficacy_of"", ""dacarbazine""], [""sipuleucel-t"", ""decreases_efficacy_of"", ""hydroxychloroquine""], [""sipuleucel-t"", ""decreases_efficacy_of"", ""briakinumab""]]","The drug sulfadiazine has side effects including dermatitis exfoliative and hepatitis, and it also decreases the activity of the excretion rate. Teprotumumab decreases the efficacy of sulfadiazine, rindopepimut, and sipuleucel-t, while sipuleucel-t decreases the efficacy of dacarbazine, hydroxychloroquine, and briakinumab.","[[""sulfadiazine"", ""has_side_effect"", ""dermatitis_exfoliative""], [""sulfadiazine"", ""has_side_effect"", ""hepatitis""], [""sulfadiazine"", ""decreases"", ""excretion_rate""], [""teprotumumab"", ""decreases_efficacy_of"", ""sulfadiazine""], [""teprotumumab"", ""decreases_efficacy_of"", ""rindopepimut""], [""teprotumumab"", ""decreases_efficacy_of"", ""sipuleucel-t""], [""sipuleucel-t"", ""decreases_efficacy_of"", ""dacarbazine""], [""sipuleucel-t"", ""decreases_efficacy_of"", ""hydroxychloroquine""], [""sipuleucel-t"", ""decreases_efficacy_of"", ""briakinumab""]]"
49,"The gene MDH2 plays a role in various conditions, including epileptic encephalopathy, hereditary pheochromocytoma-paraganglioma, and acts within the Citric acid cycle (TCA cycle). Epileptic encephalopathy presents with phenotypes such as eeg abnormality, congenital onset, and bilateral tonic-clonic seizure. On the other hand, hereditary pheochromocytoma-paraganglioma manifests with pallor, renal cell carcinoma, and retinal capillary hemangioma.","[[""MDH2"", ""plays_role_in"", ""epileptic_encephalopathy""], [""MDH2"", ""plays_role_in"", ""hereditary_pheochromocytoma-paraganglioma""], [""MDH2"", ""acts_within"", ""Citric_acid_cycle""], [""MDH2"", ""acts_within"", ""TCA_cycle""], [""epileptic_encephalopathy"", ""presents_with"", ""eeg_abnormality""], [""epileptic_encephalopathy"", ""presents_with"", ""congenital_onset""], [""epileptic_encephalopathy"", ""presents_with"", ""bilateral_tonic-clonic_seizure""], [""hereditary_pheochromocytoma-paraganglioma"", ""manifests_with"", ""pallor""], [""hereditary_pheochromocytoma-paraganglioma"", ""manifests_with"", ""renal_cell_carcinoma""], [""hereditary_pheochromocytoma-paraganglioma"", ""manifests_with"", ""retinal_capillary_hemangioma""]]","The gene MDH2 causes epileptic encephalopathy, a condition associated with EEG abnormality and bilateral tonic-clonic seizure.","[[""MDH2"", ""causes"", ""epileptic_encephalopathy""], [""epileptic_encephalopathy"", ""associated_with"", ""EEG_abnormality""], [""epileptic_encephalopathy"", ""associated_with"", ""bilateral_tonic-clonic_seizure""]]"
50,"The drug labetalol is known to increase the efficacy of repaglinide. Paliperidone decreases the efficacy of isoetharine, epinephrine, and tropatepine. Ritodrine decreases the efficacy of labetalol, trimazosin, and aripiprazole lauroxil. Celiprolol decreases the efficacy of ritodrine, paliperidone, and mephentermine. Trimazosin decreases the efficacy of nabumetone, meclofenamic acid, and gepefrine. Mephentermine decreases the efficacy of trifluoperazine, anisodamine, and propiverine.","[[""labetalol"", ""increases_efficacy_of"", ""repaglinide""], [""paliperidone"", ""decreases_efficacy_of"", ""isoetharine""], [""paliperidone"", ""decreases_efficacy_of"", ""epinephrine""], [""paliperidone"", ""decreases_efficacy_of"", ""tropatepine""], [""ritodrine"", ""decreases_efficacy_of"", ""labetalol""], [""ritodrine"", ""decreases_efficacy_of"", ""trimazosin""], [""ritodrine"", ""decreases_efficacy_of"", ""aripiprazole_lauroxil""], [""celiprolol"", ""decreases_efficacy_of"", ""ritodrine""], [""celiprolol"", ""decreases_efficacy_of"", ""paliperidone""], [""celiprolol"", ""decreases_efficacy_of"", ""mephentermine""], [""trimazosin"", ""decreases_efficacy_of"", ""nabumetone""], [""trimazosin"", ""decreases_efficacy_of"", ""meclofenamic_acid""], [""trimazosin"", ""decreases_efficacy_of"", ""gepefrine""], [""mephentermine"", ""decreases_efficacy_of"", ""trifluoperazine""], [""mephentermine"", ""decreases_efficacy_of"", ""anisodamine""], [""mephentermine"", ""decreases_efficacy_of"", ""propiverine""]]","The drug labetalol increases the efficacy of repaglinide. Paliperidone decreases the efficacy of isoetharine, epinephrine, and tropatepine. Ritodrine decreases the efficacy of labetalol and aripiprazole lauroxil. Celiprolol decreases the efficacy of paliperidone. Trimazosin decreases the efficacy of nabumetone, meclofenamic acid, and gepefrine. Mephentermine decreases the efficacy of trifluoperazine, anisodamine, and propiverine.","[[""labetalol"", ""increases_efficacy_of"", ""repaglinide""], [""paliperidone"", ""decreases_efficacy_of"", ""isoetharine""], [""paliperidone"", ""decreases_efficacy_of"", ""epinephrine""], [""paliperidone"", ""decreases_efficacy_of"", ""tropatepine""], [""ritodrine"", ""decreases_efficacy_of"", ""labetalol""], [""ritodrine"", ""decreases_efficacy_of"", ""aripiprazole_lauroxil""], [""celiprolol"", ""decreases_efficacy_of"", ""paliperidone""], [""trimazosin"", ""decreases_efficacy_of"", ""nabumetone""], [""trimazosin"", ""decreases_efficacy_of"", ""meclofenamic_acid""], [""trimazosin"", ""decreases_efficacy_of"", ""gepefrine""], [""mephentermine"", ""decreases_efficacy_of"", ""trifluoperazine""], [""mephentermine"", ""decreases_efficacy_of"", ""anisodamine""], [""mephentermine"", ""decreases_efficacy_of"", ""propiverine""]]"
51,"Rimantadine has side effects such as feeling abnormal and local swelling. The yellow fever vaccine is known to decrease the efficacy of delavirdine, velpatasvir, and inosine pranobex. Cenicriviroc decreases the efficacy of rubella virus vaccine, varicella zoster vaccine (live/attenuated), and yellow fever vaccine. Rubella virus vaccine decreases the efficacy of rimantadine, daclatasvir, and bamlanivimab. The varicella zoster vaccine (live/attenuated) decreases the efficacy of tenofovir disoproxil, triamcinolone, and cortivazol.","[[""Rimantadine"", ""has_side_effect"", ""feeling_abnormal""], [""Rimantadine"", ""has_side_effect"", ""local_swelling""], [""Yellow_fever_vaccine"", ""decreases_efficacy_of"", ""Delavirdine""], [""Yellow_fever_vaccine"", ""decreases_efficacy_of"", ""Velpatasvir""], [""Yellow_fever_vaccine"", ""decreases_efficacy_of"", ""Inosine_pranobex""], [""Cenicriviroc"", ""decreases_efficacy_of"", ""Rubella_virus_vaccine""], [""Cenicriviroc"", ""decreases_efficacy_of"", ""Varicella_zoster_vaccine""], [""Cenicriviroc"", ""decreases_efficacy_of"", ""Yellow_fever_vaccine""], [""Rubella_virus_vaccine"", ""decreases_efficacy_of"", ""Rimantadine""], [""Rubella_virus_vaccine"", ""decreases_efficacy_of"", ""Daclatasvir""], [""Rubella_virus_vaccine"", ""decreases_efficacy_of"", ""Bamlanivimab""], [""Varicella_zoster_vaccine"", ""decreases_efficacy_of"", ""Tenofovir_disoproxil""], [""Varicella_zoster_vaccine"", ""decreases_efficacy_of"", ""Triamcinolone""], [""Varicella_zoster_vaccine"", ""decreases_efficacy_of"", ""Cortivazol""]]","The drug rimantadine has side effects including feeling abnormal and local swelling. Yellow fever vaccine is known to decrease efficacy of delavirdine, velpatasvir, and inosine pranobex. Cenicriviroc decreases efficacy of rubella virus vaccine, varicella zoster vaccine (live/attenuated), and yellow fever vaccine. Rubella virus vaccine decreases efficacy of rimantadine, daclatasvir, and bamlanivimab. Varicella zoster vaccine (live/attenuated) decreases efficacy of tenofovir disoproxil, triamcinolone, and cortivazol.","[[""Rimantadine"", ""has_side_effect"", ""feeling_abnormal""], [""Rimantadine"", ""has_side_effect"", ""local_swelling""], [""Yellow_fever_vaccine"", ""decreases_efficacy_of"", ""Delavirdine""], [""Yellow_fever_vaccine"", ""decreases_efficacy_of"", ""Velpatasvir""], [""Yellow_fever_vaccine"", ""decreases_efficacy_of"", ""Inosine_pranobex""], [""Cenicriviroc"", ""decreases_efficacy_of"", ""Rubella_virus_vaccine""], [""Cenicriviroc"", ""decreases_efficacy_of"", ""Varicella_zoster_vaccine""], [""Cenicriviroc"", ""decreases_efficacy_of"", ""Yellow_fever_vaccine""], [""Rubella_virus_vaccine"", ""decreases_efficacy_of"", ""Rimantadine""], [""Rubella_virus_vaccine"", ""decreases_efficacy_of"", ""Daclatasvir""], [""Rubella_virus_vaccine"", ""decreases_efficacy_of"", ""Bamlanivimab""], [""Varicella_zoster_vaccine"", ""decreases_efficacy_of"", ""Tenofovir_disoproxil""], [""Varicella_zoster_vaccine"", ""decreases_efficacy_of"", ""Triamcinolone""], [""Varicella_zoster_vaccine"", ""decreases_efficacy_of"", ""Cortivazol""]]"
52,"The drug torasemide increases the effect of CNS depression, decreases the efficacy of metformin, and affects NPPA antisense RNA 1. Menthyl salicylate, on the other hand, decreases the efficacy of torasemide, methyclothiazide, and guanoclor. Guanoclor further decreases the efficacy of bumadizone and serdexmethylphenidate.","[[""torasemide"", ""increases"", ""CNS_depression""], [""torasemide"", ""decreases"", ""metformin""], [""torasemide"", ""affects"", ""NPPA_antisense_RNA_1""], [""menthyl_salicylate"", ""decreases"", ""torasemide""], [""menthyl_salicylate"", ""decreases"", ""methyclothiazide""], [""menthyl_salicylate"", ""decreases"", ""guanoclor""], [""guanoclor"", ""decreases"", ""bumadizone""], [""guanoclor"", ""decreases"", ""serdexmethylphenidate""]]","Torasemide increases the effect of CNS depression, decreases the efficacy of Metformin, and affects the NPPA antisense RNA 1. Menthyl salicylate decreases the efficacy of Torasemide, Methyclothiazide, and Guanoclor. Guanoclor further decreases the efficacy of Bumadizone and Serdexmethylphenidate.","[[""torasemide"", ""increases"", ""CNS_depression""], [""torasemide"", ""decreases"", ""Metformin""], [""torasemide"", ""affects"", ""NPPA_antisense_RNA_1""], [""menthyl_salicylate"", ""decreases"", ""Torasemide""], [""menthyl_salicylate"", ""decreases"", ""Methyclothiazide""], [""menthyl_salicylate"", ""decreases"", ""Guanoclor""], [""Guanoclor"", ""decreases"", ""Bumadizone""], [""Guanoclor"", ""decreases"", ""Serdexmethylphenidate""]]"
53,"Picosulfuric acid decreases the efficacy of sparfloxacin, ribostamycin, and cefpirome. Magnesium citrate decreases the efficacy of tridihexethyl, dicyclomine, and emepronium. Normethadone decreases the efficacy of eplerenone and bisoxatin. Tilidine decreases the efficacy of bumetanide, metoclopramide, and theobromine. Ondelopran decreases the efficacy of lofentanil, normethadone, and tilidine. Lofentanil decreases the efficacy of canagliflozin, picosulfuric acid, and magnesium citrate.","[[""Picosulfuric_acid"", ""decreases_efficacy_of"", ""Sparfloxacin""], [""Picosulfuric_acid"", ""decreases_efficacy_of"", ""Ribostamycin""], [""Picosulfuric_acid"", ""decreases_efficacy_of"", ""Cefpirome""], [""Magnesium_citrate"", ""decreases_efficacy_of"", ""Tridihexethyl""], [""Magnesium_citrate"", ""decreases_efficacy_of"", ""Dicyclomine""], [""Magnesium_citrate"", ""decreases_efficacy_of"", ""Emepronium""], [""Normethadone"", ""decreases_efficacy_of"", ""Eplerenone""], [""Normethadone"", ""decreases_efficacy_of"", ""Bisoxatin""], [""Tilidine"", ""decreases_efficacy_of"", ""Bumetanide""], [""Tilidine"", ""decreases_efficacy_of"", ""Metoclopramide""], [""Tilidine"", ""decreases_efficacy_of"", ""Theobromine""], [""Ondelopran"", ""decreases_efficacy_of"", ""Lofentanil""], [""Ondelopran"", ""decreases_efficacy_of"", ""Normethadone""], [""Ondelopran"", ""decreases_efficacy_of"", ""Tilidine""], [""Lofentanil"", ""decreases_efficacy_of"", ""Canagliflozin""], [""Lofentanil"", ""decreases_efficacy_of"", ""Picosulfuric_acid""], [""Lofentanil"", ""decreases_efficacy_of"", ""Magnesium_citrate""]]","Picosulfuric acid decreases the efficacy of sparfloxacin, ribostamycin, and cefpirome. Magnesium citrate decreases the efficacy of tridihexethyl, dicyclomine, and emepronium. Normethadone decreases the efficacy of eplerenone and bisoxatin. Tilidine decreases the efficacy of bumetanide, metoclopramide, and theobromine. Ondelopran decreases the efficacy of lofentanil and tilidine. Lofentanil decreases the efficacy of canagliflozin.","[[""Picosulfuric_acid"", ""decreases_efficacy_of"", ""Sparfloxacin""], [""Picosulfuric_acid"", ""decreases_efficacy_of"", ""Ribostamycin""], [""Picosulfuric_acid"", ""decreases_efficacy_of"", ""Cefpirome""], [""Magnesium_citrate"", ""decreases_efficacy_of"", ""Tridihexethyl""], [""Magnesium_citrate"", ""decreases_efficacy_of"", ""Dicyclomine""], [""Magnesium_citrate"", ""decreases_efficacy_of"", ""Emepronium""], [""Normethadone"", ""decreases_efficacy_of"", ""Eplerenone""], [""Normethadone"", ""decreases_efficacy_of"", ""Bisoxatin""], [""Tilidine"", ""decreases_efficacy_of"", ""Bumetanide""], [""Tilidine"", ""decreases_efficacy_of"", ""Metoclopramide""], [""Tilidine"", ""decreases_efficacy_of"", ""Theobromine""], [""Ondelopran"", ""decreases_efficacy_of"", ""Lofentanil""], [""Ondelopran"", ""decreases_efficacy_of"", ""Tilidine""], [""Lofentanil"", ""decreases_efficacy_of"", ""Canagliflozin""]]"
54,"Enflurane increases the effect of myocardial depression and the efficacy of xenon. Additionally, enflurane has a side effect of causing liver injury. Xenon, on the other hand, enhances the efficacy of etomidate, fentanyl, and nitrous oxide.","[[""Enflurane"", ""increases"", ""myocardial_depression""], [""Enflurane"", ""increases_efficacy_of"", ""Xenon""], [""Enflurane"", ""has_side_effect"", ""liver_injury""], [""Xenon"", ""enhances_efficacy_of"", ""Etomidate""], [""Xenon"", ""enhances_efficacy_of"", ""Fentanyl""], [""Xenon"", ""enhances_efficacy_of"", ""Nitrous_Oxide""]]","Enflurane is known to increase the effect of myocardial depression and the efficacy of xenon. Additionally, enflurane has been associated with the side effect of liver injury. Xenon, on the other hand, increases the efficacy of etomidate, fentanyl, and nitrous oxide.","[[""Enflurane"", ""increases"", ""myocardial_depression""], [""Enflurane"", ""increases_efficacy_of"", ""Xenon""], [""Enflurane"", ""has_side_effect"", ""liver_injury""], [""Xenon"", ""increases_efficacy_of"", ""Etomidate""], [""Xenon"", ""increases_efficacy_of"", ""Fentanyl""], [""Xenon"", ""increases_efficacy_of"", ""Nitrous_Oxide""]]"
55,"Andexanet alfa decreases the efficacy of both edetic acid and bemiparin. Melagatran decreases the efficacy of cefdinir. Antithrombin III human decreases the efficacy of catridecacog, kallidinogenase, and andexanet alfa. Brinase decreases the efficacy of polythiazide, fibrinogen human, and cefroxadine. Catridecacog decreases the efficacy of lepirudin, brinase, and melagatran. Kallidinogenase decreases the efficacy of dabigatran etexilate, edoxaban, and monteplase.","[[""Andexanet_alfa"", ""decreases_efficacy_of"", ""edetic_acid""], [""Andexanet_alfa"", ""decreases_efficacy_of"", ""bemiparin""], [""Melagatran"", ""decreases_efficacy_of"", ""cefdinir""], [""Antithrombin_III_human"", ""decreases_efficacy_of"", ""catridecacog""], [""Antithrombin_III_human"", ""decreases_efficacy_of"", ""kallidinogenase""], [""Antithrombin_III_human"", ""decreases_efficacy_of"", ""andexanet_alfa""], [""Brinase"", ""decreases_efficacy_of"", ""polythiazide""], [""Brinase"", ""decreases_efficacy_of"", ""fibrinogen_human""], [""Brinase"", ""decreases_efficacy_of"", ""cefoxadine""], [""Catridecacog"", ""decreases_efficacy_of"", ""lepirudin""], [""Catridecacog"", ""decreases_efficacy_of"", ""brinase""], [""Catridecacog"", ""decreases_efficacy_of"", ""melagatran""], [""Kallidinogenase"", ""decreases_efficacy_of"", ""dabigatran_etexilate""], [""Kallidinogenase"", ""decreases_efficacy_of"", ""edoxaban""], [""Kallidinogenase"", ""decreases_efficacy_of"", ""monteplase""]]",Andexanet alfa decreases the efficacy of both edetic acid and bemiparin. Melagatran decreases the efficacy of cefdinir. Brinase decreases the efficacy of cefroxadine.,"[[""Andexanet_alfa"", ""decreases_efficacy_of"", ""edetic_acid""], [""Andexanet_alfa"", ""decreases_efficacy_of"", ""bemiparin""], [""Melagatran"", ""decreases_efficacy_of"", ""cefdinir""], [""Brinase"", ""decreases_efficacy_of"", ""cefoxadine""]]"
56,"Calcium levulinate decreases the efficacy of liothyronine, verapamil, and mepindolol. Liothyronine, in turn, decreases the efficacy of pioglitazone, dexpropranolol, and calcium glubionate anhydrous. Pioglitazone decreases the efficacy of articaine. Mepindolol decreases the efficacy of lisdexamfetamine, adrafinil, and amitraz. Verapamil decreases the efficacy of calcium pangamate and alloin; it also has a side effect of causing macule.",[],"The drug calcium levulinate decreases the efficacy of liothyronine, verapamil, and mepindolol. Liothyronine, in turn, decreases the efficacy of pioglitazone, dexpropranolol, and calcium glubionate anhydrous. Pioglitazone decreases the efficacy of articaine. Additionally, mepindolol decreases the efficacy of lisdexamfetamine, adrafinil, and amitraz. Verapamil decreases the efficacy of calcium pangamate and alloin, while also causing the side effect of Macule.",[]
57,"Dezocine decreases the efficacy of multiple drugs including spironolactone, levallorphan, and spiradoline. Levorphanol also decreases the efficacy of torasemide, dipotassium phosphate, and konjac mannan. In addition, Axelopran decreases the efficacy of morphine, levorphanol, and dezocine.","[[""Dezocine"", ""decreases_efficacy_of"", ""spironolactone""], [""Dezocine"", ""decreases_efficacy_of"", ""levallorphan""], [""Dezocine"", ""decreases_efficacy_of"", ""spiradoline""], [""Levorphanol"", ""decreases_efficacy_of"", ""torasemide""], [""Levorphanol"", ""decreases_efficacy_of"", ""dipotassium_phosphate""], [""Levorphanol"", ""decreases_efficacy_of"", ""konjac_mannan""], [""Axelopran"", ""decreases_efficacy_of"", ""morphine""], [""Axelopran"", ""decreases_efficacy_of"", ""levorphanol""], [""Axelopran"", ""decreases_efficacy_of"", ""dezocine""]]","The drug dezocine decreases the efficacy of spironolactone, levallorphan, and spiradoline. Levorphanol also decreases the efficacy of torasemide, dipotassium phosphate, and konjac mannan. Additionally, axelopran reduces the efficacy of morphine.","[[""Dezocine"", ""decreases_efficacy_of"", ""spironolactone""], [""Dezocine"", ""decreases_efficacy_of"", ""levallorphan""], [""Dezocine"", ""decreases_efficacy_of"", ""spiradoline""], [""Levorphanol"", ""decreases_efficacy_of"", ""torasemide""], [""Levorphanol"", ""decreases_efficacy_of"", ""dipotassium_phosphate""], [""Levorphanol"", ""decreases_efficacy_of"", ""konjac_mannan""], [""Axelopran"", ""reduces_efficacy_of"", ""morphine""]]"
58,"The drug bucindolol decreases the efficacy of ritodrine and increases the efficacy of teneligliptin and remogliflozin etabonate. Trichlormethiazide decreases the efficacy of bivalirudin and butorphanol, but increases the efficacy of terazosin. Phenoxybenzamine increases the efficacy of trichlormethiazide, while decreasing the efficacy of chlorphentermine, and higenamine. Higenamine decreases the efficacy of promazine, acebutolol, and bucindolol. Chlorphentermine decreases the efficacy of guanadrel and buflomedil, while increasing the efficacy of opipramol. Acebutolol increases the efficacy of insulin detemir and has a side effect of short-term memory loss.",[],"The drug bucindolol both decreases the efficacy of ritodrine and increases the efficacy of teneligliptin and salmahyrtisol b. Trichlormethiazide decreases the efficacy of termicalcicolanone a and n-methylmesoporphyrin containing copper but increases the efficacy of terazosin. Phenoxybenzamine increases the efficacy of trichlormethiazide while decreasing the efficacy of chlorphentermine and higenamine. Higenamine decreases the efficacy of promazine, phelligridin i, and bucindolol. Chlorphentermine decreases the efficacy of aureoverticillactam and buflomedil but increases the efficacy of muplestim. Lastly, phelligridin i increases the efficacy of insulin detemir and has a side effect of arteriosclerosis.",[]
59,"The drug ofloxacin enhances the efficacy of gliclazide, gosogliptin, and ipragliflozin. Similarly, sulfaguanidine boosts the efficacy of tolazamide, glyburide, and tirzepatide. Furthermore, phenformin increases the efficacy of ofloxacin and sulfaguanidine while decreasing the efficacy of saquinavir.","[[""ofloxacin"", ""enhances"", ""gliclazide""], [""ofloxacin"", ""enhances"", ""gosogliptin""], [""ofloxacin"", ""enhances"", ""ipragliflozin""], [""sulfaguanidine"", ""boosts"", ""tolazamide""], [""sulfaguanidine"", ""boosts"", ""glyburide""], [""sulfaguanidine"", ""boosts"", ""tirzepatide""], [""phenformin"", ""increases"", ""ofloxacin""], [""phenformin"", ""increases"", ""sulfaguanidine""], [""phenformin"", ""decreases"", ""saquinavir""]]","Ofloxacin increases the efficacy of gliclazide, gosogliptin, and ipragliflozin. Additionally, sulfaguanidine increases the efficacy of tolazamide, glyburide, and tirzepatide. Conversely, phenformin decreases the efficacy of saquinavir.","[[""ofloxacin"", ""increases"", ""gliclazide""], [""ofloxacin"", ""increases"", ""gosogliptin""], [""ofloxacin"", ""increases"", ""ipragliflozin""], [""sulfaguanidine"", ""increases"", ""tolazamide""], [""sulfaguanidine"", ""increases"", ""glyburide""], [""sulfaguanidine"", ""increases"", ""tirzepatide""], [""phenformin"", ""decreases"", ""saquinavir""]]"
60,"Ebastine increases the effect of bradycardia, as well as the efficacy of levonordefrin. Conversely, ebastine decreases the efficacy of olutasidenib, which in turn decreases the efficacy of dexamethasone, fosphenytoin, and rifamycin. Fosphenytoin has a side effect of ileus. Levonordefrin decreases the efficacy of amitriptyline, but increases the efficacy of orciprenaline and tyramine.","[[""Ebastine"", ""increases"", ""bradycardia""], [""Ebastine"", ""increases"", ""levonordefrin""], [""Ebastine"", ""decreases"", ""olutasidenib""], [""Olutasidenib"", ""decreases"", ""dexamethasone""], [""Olutasidenib"", ""decreases"", ""fosphenytoin""], [""Olutasidenib"", ""decreases"", ""rifamycin""], [""Fosphenytoin"", ""has_side_effect"", ""ileus""], [""Levonordefrin"", ""decreases"", ""amitriptyline""], [""Levonordefrin"", ""increases"", ""orciprenaline""], [""Levonordefrin"", ""increases"", ""tyramine""]]","Ebastine increases the efficacy of levonordefrin but decreases the efficacy of olutasidenib. It also decreases the effect of bradycardia. Olutasidenib, on the other hand, decreases the efficacy of dexamethasone, fosphenytoin, and rifamycin. Additionally, fosphenytoin has the side effect of causing ileus. Levonordefrin decreases the efficacy of amitriptyline but increases the efficacy of orciprenaline and tyramine.","[[""Ebastine"", ""increases"", ""levonordefrin""], [""Ebastine"", ""decreases"", ""olutasidenib""], [""Ebastine"", ""decreases"", ""bradycardia""], [""Olutasidenib"", ""decreases"", ""dexamethasone""], [""Olutasidenib"", ""decreases"", ""fosphenytoin""], [""Olutasidenib"", ""decreases"", ""rifamycin""], [""Fosphenytoin"", ""has_side_effect"", ""ileus""], [""Levonordefrin"", ""decreases"", ""amitriptyline""], [""Levonordefrin"", ""increases"", ""orciprenaline""], [""Levonordefrin"", ""increases"", ""tyramine""]]"
61,"The drug potassium iodide decreases the efficacy of pd173955, bosutinib, and erdafitinib. Bosutinib targets proto-oncogene tyrosine-protein kinase src and also decreases the efficacy of 3,5-diiodotyrosine and rindopepimut. Erdafitinib decreases the efficacy of methylthiouracil and elcatonin. Propylthiouracil decreases the efficacy of glesatinib, radotinib, and deucravacitinib. Selumetinib decreases the efficacy of propylthiouracil and potassium iodide. Selumetinib also affects cytochrome p450 family 2 subfamily c member 19, which is known to cause conditions such as lymphoma, coronary restenosis, and mycoses. Additionally, pd173955 decreases the efficacy of carbimazole.","[[""potassium_iodide"", ""decreases_efficacy_of"", ""pd173955""], [""potassium_iodide"", ""decreases_efficacy_of"", ""bosutinib""], [""potassium_iodide"", ""decreases_efficacy_of"", ""erdafitinib""], [""bosutinib"", ""targets"", ""proto-oncogene_tyrosine-protein_kinase_src""], [""bosutinib"", ""decreases_efficacy_of"", ""3,5-diiodotyrosine""], [""bosutinib"", ""decreases_efficacy_of"", ""rindopepimut""], [""erdafitinib"", ""decreases_efficacy_of"", ""methylthiouracil""], [""erdafitinib"", ""decreases_efficacy_of"", ""elcatonin""], [""propylthiouracil"", ""decreases_efficacy_of"", ""glesatinib""], [""propylthiouracil"", ""decreases_efficacy_of"", ""radotinib""], [""propylthiouracil"", ""decreases_efficacy_of"", ""deucravacitinib""], [""selumetinib"", ""decreases_efficacy_of"", ""propylthiouracil""], [""selumetinib"", ""decreases_efficacy_of"", ""potassium_iodide""], [""selumetinib"", ""affects"", ""cytochrome_p450_family_2_subfamily_c_member_19""], [""cytochrome_p450_family_2_subfamily_c_member_19"", ""implicated_in"", ""lymphoma""], [""cytochrome_p450_family_2_subfamily_c_member_19"", ""implicated_in"", ""coronary_restenosis""], [""cytochrome_p450_family_2_subfamily_c_member_19"", ""implicated_in"", ""mycoses""], [""pd173955"", ""decreases_efficacy_of"", ""carbimazole""]]","The drug potassium iodide decreases the efficacy of the drugs pd173955, bosutinib, and erdafitinib. 

Bosutinib, in turn, has a target on the proto-oncogene tyrosine-protein kinase src but decreases the efficacy of 3,5-diiodotyrosine and rindopepimut. 

Erdafitinib decreases the efficacy of methylthiouracil and elcatonin.

Propylthiouracil decreases the efficacy of glesatinib, radotinib, and deucravacitinib.

Selumetinib decreases the efficacy of propylthiouracil and potassium iodide. 

Furthermore, selumetinib is known to affect the cytochrome p450 family 2 subfamily c member 19 which is implicated in conditions such as lymphoma, coronary restenosis, and mycoses.

Additionally, pd173955 decreases the efficacy of carbimazole.","[[""potassium_iodide"", ""decreases_efficacy_of"", ""pd173955""], [""potassium_iodide"", ""decreases_efficacy_of"", ""bosutinib""], [""potassium_iodide"", ""decreases_efficacy_of"", ""erdafitinib""], [""bosutinib"", ""targets"", ""proto-oncogene_tyrosine-protein_kinase_src""], [""bosutinib"", ""decreases_efficacy_of"", ""3,5-diiodotyrosine""], [""bosutinib"", ""decreases_efficacy_of"", ""rindopepimut""], [""erdafitinib"", ""decreases_efficacy_of"", ""methylthiouracil""], [""erdafitinib"", ""decreases_efficacy_of"", ""elcatonin""], [""propylthiouracil"", ""decreases_efficacy_of"", ""glesatinib""], [""propylthiouracil"", ""decreases_efficacy_of"", ""radotinib""], [""propylthiouracil"", ""decreases_efficacy_of"", ""deucravacitinib""], [""selumetinib"", ""decreases_efficacy_of"", ""propylthiouracil""], [""selumetinib"", ""decreases_efficacy_of"", ""potassium_iodide""], [""selumetinib"", ""affects"", ""cytochrome_p450_family_2_subfamily_c_member_19""], [""cytochrome_p450_family_2_subfamily_c_member_19"", ""implicated_in"", ""lymphoma""], [""cytochrome_p450_family_2_subfamily_c_member_19"", ""implicated_in"", ""coronary_restenosis""], [""cytochrome_p450_family_2_subfamily_c_member_19"", ""implicated_in"", ""mycoses""], [""pd173955"", ""decreases_efficacy_of"", ""carbimazole""]]"
1,"The drug bunazosin decreases the efficacy of naphazoline, protokylol, and norfenefrine. Bisoprolol decreases the efficacy of calcium acetate and calcium lactate gluconate. Protokylol increases the efficacy of etilefrine and histapyrrodine. Naphazoline decreases the efficacy of tolazoline, propafenone, and celiprolol. Nadolol increases the efficacy of exenatide and insulin aspart, but decreases the efficacy of moxonidine. Cirazoline decreases the efficacy of bisoprolol, nadolol, and bunazosin.","[[""bunazosin"", ""decreases_efficacy_of"", ""naphazoline""], [""bunazosin"", ""decreases_efficacy_of"", ""protokylol""], [""bunazosin"", ""decreases_efficacy_of"", ""norfenefrine""], [""bisoprolol"", ""decreases_efficacy_of"", ""calcium_acetate""], [""bisoprolol"", ""decreases_efficacy_of"", ""calcium_lactate_gluconate""], [""protokylol"", ""increases_efficacy_of"", ""etilefrine""], [""protokylol"", ""increases_efficacy_of"", ""histapyrrodine""], [""naphazoline"", ""decreases_efficacy_of"", ""tolazoline""], [""naphazoline"", ""decreases_efficacy_of"", ""propafenone""], [""naphazoline"", ""decreases_efficacy_of"", ""celiprolol""], [""nadolol"", ""increases_efficacy_of"", ""exenatide""], [""nadolol"", ""increases_efficacy_of"", ""insulin_aspart""], [""nadolol"", ""decreases_efficacy_of"", ""moxonidine""], [""cirazoline"", ""decreases_efficacy_of"", ""bisoprolol""], [""cirazoline"", ""decreases_efficacy_of"", ""nadolol""], [""cirazoline"", ""decreases_efficacy_of"", ""bunazosin""]]","The drug bunazosin decreases the efficacy of naphazoline, protokylol, and norfenefrine. Additionally, bisoprolol decreases the efficacy of calcium acetate and calcium lactate gluconate. On the other hand, protokylol increases the efficacy of etilefrine and histapyrrodine. The usage of naphazoline reduces the efficacy of tolazoline, propafenone, and celiprolol. Moreover, nadolol can increase the efficacy of exenatide and insulin aspart, but it decreases the efficacy of moxonidine. Lastly, cirazoline decreases the efficacy of bisoprolol, nadolol, and bunazosin.","[[""bunazosin"", ""decreases_efficacy_of"", ""naphazoline""], [""bunazosin"", ""decreases_efficacy_of"", ""protokylol""], [""bunazosin"", ""decreases_efficacy_of"", ""norfenefrine""], [""bisoprolol"", ""decreases_efficacy_of"", ""calcium_acetate""], [""bisoprolol"", ""decreases_efficacy_of"", ""calcium_lactate_gluconate""], [""protokylol"", ""increases_efficacy_of"", ""etilefrine""], [""protokylol"", ""increases_efficacy_of"", ""histapyrrodine""], [""naphazoline"", ""reduces_efficacy_of"", ""tolazoline""], [""naphazoline"", ""reduces_efficacy_of"", ""propafenone""], [""naphazoline"", ""reduces_efficacy_of"", ""celiprolol""], [""nadolol"", ""increases_efficacy_of"", ""exenatide""], [""nadolol"", ""increases_efficacy_of"", ""insulin_aspart""], [""nadolol"", ""decreases_efficacy_of"", ""moxonidine""], [""cirazoline"", ""decreases_efficacy_of"", ""bisoprolol""], [""cirazoline"", ""decreases_efficacy_of"", ""nadolol""], [""cirazoline"", ""decreases_efficacy_of"", ""bunazosin""]]"
2,"Buthiazide increases the efficacy of glipizide and decreases the efficacy of verinurad and benzhydrocodone. Torasemide is affecting adducin 1 and has an indication for diuresis. Additionally, torasemide decreases the efficacy of mofebutazone. Estetrol decreases the efficacy of streptomycin, chenodeoxycholic acid, and nigericin. Luseogliflozin decreases the efficacy of torasemide and estetrol, but increases the efficacy of buthiazide.","[[""Buthiazide"", ""increases_efficacy_of"", ""Glipizide""], [""Buthiazide"", ""decreases_efficacy_of"", ""Verinurad""], [""Buthiazide"", ""decreases_efficacy_of"", ""Benzhydrocodone""], [""Torasemide"", ""affects"", ""Adducin_1""], [""Torasemide"", ""indication_for"", ""Diuresis""], [""Torasemide"", ""decreases_efficacy_of"", ""Mofebutazone""], [""Estetrol"", ""decreases_efficacy_of"", ""Streptomycin""], [""Estetrol"", ""decreases_efficacy_of"", ""Chenodeoxycholic_acid""], [""Estetrol"", ""decreases_efficacy_of"", ""Nigericin""], [""Luseogliflozin"", ""decreases_efficacy_of"", ""Torasemide""], [""Luseogliflozin"", ""decreases_efficacy_of"", ""Estetrol""], [""Luseogliflozin"", ""increases_efficacy_of"", ""Buthiazide""]]","The drug buthiazide can both increase the efficacy of glipizide and decrease the efficacy of verinurad and benzhydrocodone. Similarly, luseogliflozin can increase the efficacy of buthiazide. 

Torasemide is affecting adducin 1 and has an indication for diuresis. It also decreases the efficacy of mofebutazone.

On the other hand, estetrol decreases the efficacy of streptomycin, chenodeoxycholic acid, and nigericin.","[[""Buthiazide"", ""increases_efficacy_of"", ""Glipizide""], [""Buthiazide"", ""decreases_efficacy_of"", ""Verinurad""], [""Buthiazide"", ""decreases_efficacy_of"", ""Benzhydrocodone""], [""Luseogliflozin"", ""increases_efficacy_of"", ""Buthiazide""], [""Torasemide"", ""affects"", ""Adducin_1""], [""Torasemide"", ""indication_for"", ""Diuresis""], [""Torasemide"", ""decreases_efficacy_of"", ""Mofebutazone""], [""Estetrol"", ""decreases_efficacy_of"", ""Streptomycin""], [""Estetrol"", ""decreases_efficacy_of"", ""Chenodeoxycholic_acid""], [""Estetrol"", ""decreases_efficacy_of"", ""Nigericin""]]"
3,"The compound 9-deazaguanine increases the activity of the hypotensive activities and decreases the efficacy of halazepam. Pinazepam increases the effect of neuropsychiatric effects, while decreasing the efficacy of 9-deazaguanine and proxyphylline. Proxyphylline has activity in the hyperkalemic activities and decreases the efficacy of delorazepam.","[[""9-deazaguanine"", ""increases"", ""hypotensive_activities""], [""9-deazaguanine"", ""decreases"", ""halazepam""], [""Pinazepam"", ""increases"", ""neuropsychiatric_effects""], [""Pinazepam"", ""decreases"", ""9-deazaguanine""], [""Pinazepam"", ""decreases"", ""proxyphylline""], [""Proxyphylline"", ""has_activity_in"", ""hyperkalemic_activities""], [""Proxyphylline"", ""decreases"", ""delorazepam""]]","The compound 9-deazaguanine is known to increase the activity of the hypotensive activities, while at the same time decreasing the efficacy of halazepam. Pinazepam has been shown to increase the effect of neuropsychiatric effects, but it decreases the efficacy of 9-deazaguanine and proxyphylline. Proxyphylline has activity related to the hyperkalemic activities, however, it decreases the efficacy of delorazepam.","[[""9-deazaguanine"", ""increases"", ""hypotensive_activities""], [""9-deazaguanine"", ""decreases"", ""halazepam""], [""Pinazepam"", ""increases"", ""neuropsychiatric_effects""], [""Pinazepam"", ""decreases"", ""9-deazaguanine""], [""Pinazepam"", ""decreases"", ""proxyphylline""], [""Proxyphylline"", ""has_activity_related_to"", ""hyperkalemic_activities""], [""Proxyphylline"", ""decreases"", ""delorazepam""]]"
56,"Calcium levulinate decreases the efficacy of liothyronine, verapamil, and mepindolol. Liothyronine, in turn, decreases the efficacy of pioglitazone, dexpropranolol, and calcium glubionate anhydrous. Pioglitazone decreases the efficacy of articaine. Mepindolol decreases the efficacy of lisdexamfetamine, adrafinil, and amitraz. Verapamil decreases the efficacy of calcium pangamate and alloin; it also has a side effect of causing macule.","[[""Calcium_levulinate"", ""decreases_efficacy_of"", ""Liothyronine""], [""Calcium_levulinate"", ""decreases_efficacy_of"", ""Verapamil""], [""Calcium_levulinate"", ""decreases_efficacy_of"", ""Mepindolol""], [""Liothyronine"", ""decreases_efficacy_of"", ""Pioglitazone""], [""Liothyronine"", ""decreases_efficacy_of"", ""Dexpropranolol""], [""Liothyronine"", ""decreases_efficacy_of"", ""Calcium_glubionate_anhydrous""], [""Pioglitazone"", ""decreases_efficacy_of"", ""Articaine""], [""Mepindolol"", ""decreases_efficacy_of"", ""Lisdexamfetamine""], [""Mepindolol"", ""decreases_efficacy_of"", ""Adrafinil""], [""Mepindolol"", ""decreases_efficacy_of"", ""Amitraz""], [""Verapamil"", ""decreases_efficacy_of"", ""Calcium_pangamate""], [""Verapamil"", ""decreases_efficacy_of"", ""Alloin""], [""Verapamil"", ""causes_side_effect"", ""Macule""]]","The drug calcium levulinate decreases the efficacy of liothyronine, verapamil, and mepindolol. Liothyronine, in turn, decreases the efficacy of pioglitazone, dexpropranolol, and calcium glubionate anhydrous. Pioglitazone decreases the efficacy of articaine. Additionally, mepindolol decreases the efficacy of lisdexamfetamine, adrafinil, and amitraz. Verapamil decreases the efficacy of calcium pangamate and alloin, while also causing the side effect of Macule.","[[""Calcium_levulinate"", ""decreases_efficacy_of"", ""Liothyronine""], [""Calcium_levulinate"", ""decreases_efficacy_of"", ""Verapamil""], [""Calcium_levulinate"", ""decreases_efficacy_of"", ""Mepindolol""], [""Liothyronine"", ""decreases_efficacy_of"", ""Pioglitazone""], [""Liothyronine"", ""decreases_efficacy_of"", ""Dexpropranolol""], [""Liothyronine"", ""decreases_efficacy_of"", ""Calcium_glubionate_anhydrous""], [""Pioglitazone"", ""decreases_efficacy_of"", ""Articaine""], [""Mepindolol"", ""decreases_efficacy_of"", ""Lisdexamfetamine""], [""Mepindolol"", ""decreases_efficacy_of"", ""Adrafinil""], [""Mepindolol"", ""decreases_efficacy_of"", ""Amitraz""], [""Verapamil"", ""decreases_efficacy_of"", ""Calcium_pangamate""], [""Verapamil"", ""decreases_efficacy_of"", ""Alloin""], [""Verapamil"", ""causes_side_effect"", ""Macule""]]"
58,"The drug bucindolol decreases the efficacy of ritodrine and increases the efficacy of teneligliptin and remogliflozin etabonate. Trichlormethiazide decreases the efficacy of bivalirudin and butorphanol, but increases the efficacy of terazosin. Phenoxybenzamine increases the efficacy of trichlormethiazide, while decreasing the efficacy of chlorphentermine, and higenamine. Higenamine decreases the efficacy of promazine, acebutolol, and bucindolol. Chlorphentermine decreases the efficacy of guanadrel and buflomedil, while increasing the efficacy of opipramol. Acebutolol increases the efficacy of insulin detemir and has a side effect of short-term memory loss.","[[""bucindolol"", ""decreases_efficacy_of"", ""ritodrine""], [""bucindolol"", ""increases_efficacy_of"", ""teneligliptin""], [""bucindolol"", ""increases_efficacy_of"", ""remogliflozin_etabonate""], [""trichlormethiazide"", ""decreases_efficacy_of"", ""bivalirudin""], [""trichlormethiazide"", ""decreases_efficacy_of"", ""butorphanol""], [""trichlormethiazide"", ""increases_efficacy_of"", ""terazosin""], [""phenoxybenzamine"", ""increases_efficacy_of"", ""trichlormethiazide""], [""phenoxybenzamine"", ""decreases_efficacy_of"", ""chlorphentermine""], [""phenoxybenzamine"", ""decreases_efficacy_of"", ""higenamine""], [""higenamine"", ""decreases_efficacy_of"", ""promazine""], [""higenamine"", ""decreases_efficacy_of"", ""acebutolol""], [""higenamine"", ""decreases_efficacy_of"", ""bucindolol""], [""chlorphentermine"", ""decreases_efficacy_of"", ""guanadrel""], [""chlorphentermine"", ""decreases_efficacy_of"", ""buflomedil""], [""chlorphentermine"", ""increases_efficacy_of"", ""opipramol""], [""acebutolol"", ""increases_efficacy_of"", ""insulin_detemir""], [""acebutolol"", ""has_side_effect"", ""short-term_memory_loss""]]","The drug bucindolol both decreases the efficacy of ritodrine and increases the efficacy of teneligliptin and salmahyrtisol b. Trichlormethiazide decreases the efficacy of termicalcicolanone a and n-methylmesoporphyrin containing copper but increases the efficacy of terazosin. Phenoxybenzamine increases the efficacy of trichlormethiazide while decreasing the efficacy of chlorphentermine and higenamine. Higenamine decreases the efficacy of promazine, phelligridin i, and bucindolol. Chlorphentermine decreases the efficacy of aureoverticillactam and buflomedil but increases the efficacy of muplestim. Lastly, phelligridin i increases the efficacy of insulin detemir and has a side effect of arteriosclerosis.","[[""bucindolol"", ""decreases_efficacy_of"", ""ritodrine""], [""bucindolol"", ""increases_efficacy_of"", ""teneligliptin""], [""bucindolol"", ""increases_efficacy_of"", ""salmahyrtisol_b""], [""trichlormethiazide"", ""decreases_efficacy_of"", ""termicalcicolanone_a""], [""trichlormethiazide"", ""decreases_efficacy_of"", ""n-methylmesoporphyrin_containing_copper""], [""trichlormethiazide"", ""increases_efficacy_of"", ""terazosin""], [""phenoxybenzamine"", ""increases_efficacy_of"", ""trichlormethiazide""], [""phenoxybenzamine"", ""decreases_efficacy_of"", ""chlorphentermine""], [""phenoxybenzamine"", ""decreases_efficacy_of"", ""higenamine""], [""higenamine"", ""decreases_efficacy_of"", ""promazine""], [""higenamine"", ""decreases_efficacy_of"", ""phelligridin_i""], [""higenamine"", ""decreases_efficacy_of"", ""bucindolol""], [""chlorphentermine"", ""decreases_efficacy_of"", ""aureoverticillactam""], [""chlorphentermine"", ""decreases_efficacy_of"", ""buflomedil""], [""chlorphentermine"", ""increases_efficacy_of"", ""muplestim""], [""phelligridin_i"", ""increases_efficacy_of"", ""insulin_detemir""], [""phelligridin_i"", ""has_side_effect"", ""arteriosclerosis""]]"
62,"Pyroquilon increases the efficacy of fluindione, clorindione, and diphenadione. Radicicol increases the efficacy of phenindione and has targets in mitogen-activated protein kinase kinase kinase 5 and serine/threonine-protein kinase 3. Fluindione, in turn, increases the efficacy of radicicol and nikkomycin z while decreasing the efficacy of ulipristal. Diphenadione increases the efficacy of quinine and teriflunomide but decreases the efficacy of azathioprine. Nikkomycin z increases the efficacy of 4-hydroxycoumarin and ethyl biscoumacetate, with targets in Homo sapiens. Clorindione decreases the efficacy of ubidecarenone and protein s human, but increases the efficacy of basifungin.","[[""Pyroquilon"", ""increases_efficacy_of"", ""fluindione""], [""Pyroquilon"", ""increases_efficacy_of"", ""clorindione""], [""Pyroquilon"", ""increases_efficacy_of"", ""diphenadione""], [""Radicicol"", ""increases_efficacy_of"", ""phenindione""], [""Radicicol"", ""has_targets_in"", ""mitogen-activated_protein_kinase_kinase_kinase_5""], [""Radicicol"", ""has_targets_in"", ""serine/threonine-protein_kinase_3""], [""Fluindione"", ""increases_efficacy_of"", ""radicicol""], [""Fluindione"", ""increases_efficacy_of"", ""nikkomycin_z""], [""Fluindione"", ""decreases_efficacy_of"", ""ulipristal""], [""Diphenadione"", ""increases_efficacy_of"", ""quinine""], [""Diphenadione"", ""increases_efficacy_of"", ""teriflunomide""], [""Diphenadione"", ""decreases_efficacy_of"", ""azathioprine""], [""Nikkomycin_z"", ""increases_efficacy_of"", ""4-hydroxycoumarin""], [""Nikkomycin_z"", ""increases_efficacy_of"", ""ethyl_biscoumacetate""], [""Nikkomycin_z"", ""has_targets_in"", ""Homo_sapiens""], [""Clorindione"", ""decreases_efficacy_of"", ""ubidecarenone""], [""Clorindione"", ""decreases_efficacy_of"", ""protein_s_human""], [""Clorindione"", ""increases_efficacy_of"", ""basifungin""]]","Pyroquilon increases the efficacy of fluindione, clorindione, and diphenadione. Radicicol increases the efficacy of phenindione and targets mitogen-activated protein kinase kinase kinase 5 as well as serine/threonine-protein kinase 3. Fluindione increases the efficacy of radicicol but decreases the efficacy of ulipristal and increases the efficacy of nikkomycin Z. Diphenadione increases the efficacy of quinine and teriflunomide but decreases the efficacy of azathioprine. Nikkomycin Z increases the efficacy of 4-hydroxycoumarin, ethyl biscoumacetate, and targets Homo sapiens. Clorindione decreases the efficacy of ubidecarenone and protein S human but increases the efficacy of basifungin.","[[""Pyroquilon"", ""increases_efficacy_of"", ""fluindione""], [""Pyroquilon"", ""increases_efficacy_of"", ""clorindione""], [""Pyroquilon"", ""increases_efficacy_of"", ""diphenadione""], [""Radicicol"", ""increases_efficacy_of"", ""phenindione""], [""Radicicol"", ""targets"", ""mitogen-activated_protein_kinase_kinase_kinase_5""], [""Radicicol"", ""targets"", ""serine/threonine-protein_kinase_3""], [""Fluindione"", ""increases_efficacy_of"", ""radicicol""], [""Fluindione"", ""increases_efficacy_of"", ""nikkomycin_Z""], [""Fluindione"", ""decreases_efficacy_of"", ""ulipristal""], [""Diphenadione"", ""increases_efficacy_of"", ""quinine""], [""Diphenadione"", ""increases_efficacy_of"", ""teriflunomide""], [""Diphenadione"", ""decreases_efficacy_of"", ""azathioprine""], [""Nikkomycin_Z"", ""increases_efficacy_of"", ""4-hydroxycoumarin""], [""Nikkomycin_Z"", ""increases_efficacy_of"", ""ethyl_biscoumacetate""], [""Nikkomycin_Z"", ""targets"", ""Homo_sapiens""], [""Clorindione"", ""decreases_efficacy_of"", ""ubidecarenone""], [""Clorindione"", ""decreases_efficacy_of"", ""protein_S_human""], [""Clorindione"", ""increases_efficacy_of"", ""basifungin""]]"
63,"Natalizumab has the ability to increase the effect of myelosuppression. Conversely, natalizumab is known to decrease the efficacy of Pev3a and the typhoid vaccine. Pev3a, in turn, decreases the efficacy of etoposide, cortisone, and deucravacitinib. Furthermore, the typhoid vaccine decreases the efficacy of amphotericin B, palbociclib, and hygromycin B. Lastly, amphotericin B reduces the efficacy of tiagabine, zaleplon, and delorazepam.","[[""Natalizumab"", ""increases_effect_of"", ""myelosuppression""], [""Natalizumab"", ""decreases_efficacy_of"", ""Pev3a""], [""Natalizumab"", ""decreases_efficacy_of"", ""typhoid_vaccine""], [""Pev3a"", ""decreases_efficacy_of"", ""etoposide""], [""Pev3a"", ""decreases_efficacy_of"", ""cortisone""], [""Pev3a"", ""decreases_efficacy_of"", ""deucravacitinib""], [""typhoid_vaccine"", ""decreases_efficacy_of"", ""amphotericin_B""], [""typhoid_vaccine"", ""decreases_efficacy_of"", ""palbociclib""], [""typhoid_vaccine"", ""decreases_efficacy_of"", ""hygromycin_B""], [""amphotericin_B"", ""reduces_efficacy_of"", ""tiagabine""], [""amphotericin_B"", ""reduces_efficacy_of"", ""zaleplon""], [""amphotericin_B"", ""reduces_efficacy_of"", ""delorazepam""]]","The drug Natalizumab decreases the efficacy of Pev3a, Typhoid vaccine, and causes a decrease in the effect of myelosuppression. Pev3a, in turn, decreases the efficacy of Etoposide, Cortisone, and Deucravacitinib. Typhoid vaccine decreases the efficacy of Amphotericin B, Palbociclib, and Hygromycin B. Amphotericin B decreases the efficacy of Tiagabine, Zaleplon, and Delorazepam.","[[""Natalizumab"", ""decreases_efficacy_of"", ""Pev3a""], [""Natalizumab"", ""decreases_efficacy_of"", ""Typhoid_vaccine""], [""Natalizumab"", ""decreases_effect_of"", ""myelosuppression""], [""Pev3a"", ""decreases_efficacy_of"", ""Etoposide""], [""Pev3a"", ""decreases_efficacy_of"", ""Cortisone""], [""Pev3a"", ""decreases_efficacy_of"", ""Deucravacitinib""], [""Typhoid_vaccine"", ""decreases_efficacy_of"", ""Amphotericin_B""], [""Typhoid_vaccine"", ""decreases_efficacy_of"", ""Palbociclib""], [""Typhoid_vaccine"", ""decreases_efficacy_of"", ""Hygromycin_B""], [""Amphotericin_B"", ""decreases_efficacy_of"", ""Tiagabine""], [""Amphotericin_B"", ""decreases_efficacy_of"", ""Zaleplon""], [""Amphotericin_B"", ""decreases_efficacy_of"", ""Delorazepam""]]"
64,"The drug pomalidomide increases the activity of the myelosuppressive activities and enhances the effect on infection. Furthermore, interferon alfa-n3 boosts the neutropenic activities but reduces the efficacy of hepatitis b vaccine (recombinant) and allogeneic processed thymus tissue. Additionally, allogeneic processed thymus tissue diminishes the efficacy of belimumab, pomalidomide, and pirarubicin. Lastly, hepatitis b vaccine (recombinant) weakens the efficacy of raltitrexed, triptolide, and inolimomab, while pirarubicin hampers the efficacy of modified vaccinia ankara.","[[""pomalidomide"", ""increases"", ""myelosuppressive_activities""], [""pomalidomide"", ""enhances"", ""infection""], [""interferon_alfa-n3"", ""boosts"", ""neutropenic_activities""], [""interferon_alfa-n3"", ""reduces"", ""hepatitis_b_vaccine_(recombinant)""], [""interferon_alfa-n3"", ""reduces"", ""allogeneic_processed_thymus_tissue""], [""allogeneic_processed_thymus_tissue"", ""diminishes"", ""belimumab""], [""allogeneic_processed_thymus_tissue"", ""diminishes"", ""pomalidomide""], [""allogeneic_processed_thymus_tissue"", ""diminishes"", ""pirarubicin""], [""hepatitis_b_vaccine_(recombinant)"", ""weakens"", ""raltitrexed""], [""hepatitis_b_vaccine_(recombinant)"", ""weakens"", ""triptolide""], [""hepatitis_b_vaccine_(recombinant)"", ""weakens"", ""inolimomab""], [""pirarubicin"", ""hampers"", ""modified_vaccinia_ankara""]]","The drug pomalidomide increases the effect of infection and decreases the activity of the myelosuppressive activities. Interferon alfa-n3 increases the activity of the neutropenic activities but decreases the efficacy of hepatitis b vaccine (recombinant), as well as allogeneic processed thymus tissue. Allogeneic processed thymus tissue decreases the efficacy of belimumab, pomalidomide, and pirarubicin. Additionally, hepatitis b vaccine (recombinant) decreases the efficacy of raltitrexed, triptolide, and inolimomab. Lastly, pirarubicin decreases the efficacy of modified vaccinia ankara.","[[""pomalidomide"", ""increases"", ""infection""], [""pomalidomide"", ""decreases"", ""myelosuppressive_activities""], [""interferon_alfa-n3"", ""increases"", ""neutropenic_activities""], [""interferon_alfa-n3"", ""decreases"", ""hepatitis_b_vaccine_(recombinant)""], [""interferon_alfa-n3"", ""decreases"", ""allogeneic_processed_thymus_tissue""], [""allogeneic_processed_thymus_tissue"", ""decreases"", ""belimumab""], [""allogeneic_processed_thymus_tissue"", ""decreases"", ""pomalidomide""], [""allogeneic_processed_thymus_tissue"", ""decreases"", ""pirarubicin""], [""hepatitis_b_vaccine_(recombinant)"", ""decreases"", ""raltitrexed""], [""hepatitis_b_vaccine_(recombinant)"", ""decreases"", ""triptolide""], [""hepatitis_b_vaccine_(recombinant)"", ""decreases"", ""inolimomab""], [""pirarubicin"", ""decreases"", ""modified_vaccinia_ankara""]]"
65,"Cyproheptadine increases the effect of bradycardia, but decreases the efficacy of sodium phosphate and macimorelin. On the other hand, indalpine has an effect on serotonin syndrome and increases the effect of neuropsychiatric effects, while decreasing the efficacy of cyproheptadine.","[[""Cyproheptadine"", ""increases_effect_of"", ""bradycardia""], [""Cyproheptadine"", ""decreases_efficacy_of"", ""sodium_phosphate""], [""Cyproheptadine"", ""decreases_efficacy_of"", ""macimorelin""], [""Indalpine"", ""has_effect_on"", ""serotonin_syndrome""], [""Indalpine"", ""increases_effect_of"", ""neuropsychiatric_effects""], [""Indalpine"", ""decreases_efficacy_of"", ""cyproheptadine""]]","The drug cyproheptadine decreases the efficacy of both sodium phosphate and macimorelin, and also reduces the effect of bradycardia. On the other hand, indalpine has the effect of causing serotonin syndrome, increases the effects of neuropsychiatric effects, and decreases the efficacy of cyproheptadine.","[[""Cyproheptadine"", ""decreases_efficacy_of"", ""sodium_phosphate""], [""Cyproheptadine"", ""decreases_efficacy_of"", ""macimorelin""], [""Cyproheptadine"", ""reduces_effect_of"", ""bradycardia""], [""Indalpine"", ""causes"", ""serotonin_syndrome""], [""Indalpine"", ""increases_effects_of"", ""neuropsychiatric_effects""], [""Indalpine"", ""decreases_efficacy_of"", ""cyproheptadine""]]"
66,"Nikkomycin Z increases the efficacy of ethyl biscoumacetate, tioclomarol, and (s)-warfarin. (s)-Warfarin in turn increases the efficacy of pentamidine but decreases the efficacy of catridecacog. It also increases the efficacy of pipemidic acid. Emicizumab decreases the efficacy of ticagrelor. Ethyl biscoumacetate increases the efficacy of tolbutamide and paclitaxel but decreases the efficacy of emicizumab. Tioclomarol increases the efficacy of isavuconazonium but decreases the efficacy of fibrinogen human and susoctocog alfa.","[[""Nikkomycin_Z"", ""increases_efficacy_of"", ""ethyl_biscoumacetate""], [""Nikkomycin_Z"", ""increases_efficacy_of"", ""(s)-warfarin""], [""Nikkomycin_Z"", ""increases_efficacy_of"", ""tioclomarol""], [""(s)-warfarin"", ""increases_efficacy_of"", ""pentamidine""], [""(s)-warfarin"", ""decreases_efficacy_of"", ""catridecacog""], [""(s)-warfarin"", ""increases_efficacy_of"", ""pipemidic_acid""], [""Emicizumab"", ""decreases_efficacy_of"", ""ticagrelor""], [""ethyl_biscoumacetate"", ""increases_efficacy_of"", ""tolbutamide""], [""ethyl_biscoumacetate"", ""increases_efficacy_of"", ""paclitaxel""], [""ethyl_biscoumacetate"", ""decreases_efficacy_of"", ""emicizumab""], [""tioclomarol"", ""increases_efficacy_of"", ""isavuconazonium""], [""tioclomarol"", ""decreases_efficacy_of"", ""fibrinogen_human""], [""tioclomarol"", ""decreases_efficacy_of"", ""suscotocog_alfa""]]","Nikkomycin Z is known to increase the efficacy of Ethyl Biscoumacetate, Tioclomarol, and (S)-Warfarin. (S)-Warfarin, in turn, increases the efficacy of Pentamidine but decreases the efficacy of Catridecacog. Additionally, (S)-Warfarin also increases the efficacy of Pipemidic Acid. Emicizumab has been shown to decrease the efficacy of Ticagrelor. Ethyl Biscoumacetate increases the efficacy of Tolbutamide and Paclitaxel but decreases the efficacy of Emicizumab. Tioclomarol increases the efficacy of Isavuconazonium but decreases the efficacy of Fibrinogen Human and Susoctocog Alfa.","[[""Nikkomycin_Z"", ""increases_efficacy_of"", ""Ethyl_Biscoumacetate""], [""Nikkomycin_Z"", ""increases_efficacy_of"", ""(S)-Warfarin""], [""Nikkomycin_Z"", ""increases_efficacy_of"", ""Tioclomarol""], [""(S)-Warfarin"", ""increases_efficacy_of"", ""Pentamidine""], [""(S)-Warfarin"", ""decreases_efficacy_of"", ""Catridecacog""], [""(S)-Warfarin"", ""increases_efficacy_of"", ""Pipemidic_Acid""], [""Emicizumab"", ""decreases_efficacy_of"", ""Ticagrelor""], [""Ethyl_Biscoumacetate"", ""increases_efficacy_of"", ""Tolbutamide""], [""Ethyl_Biscoumacetate"", ""increases_efficacy_of"", ""Paclitaxel""], [""Ethyl_Biscoumacetate"", ""decreases_efficacy_of"", ""Emicizumab""], [""Tioclomarol"", ""increases_efficacy_of"", ""Isavuconazonium""], [""Tioclomarol"", ""decreases_efficacy_of"", ""Fibrinogen_Human""], [""Tioclomarol"", ""decreases_efficacy_of"", ""Suscotocog_Alfa""]]"
67,"Oxyphenisatin acetate decreases the efficacy of olanzapine, carfentanil, and tetrandrine. Pregabalin increases the efficacy of pizotifen but has side effects including deafness and proctalgia. Heptabarbital both increases the efficacy of pregabalin and decreases the efficacy of dehydrocholic acid and oxyphenisatin acetate. Tetrandrine targets nci-h522. Olanzapine decreases the efficacy of formoterol and has side effects such as faecalith and increased blood creatine phosphokinase. Dehydrocholic acid decreases the efficacy of talbutal and mepenzolate.","[[""Oxyphenisatin_acetate"", ""decreases_efficacy_of"", ""Olanzapine""], [""Oxyphenisatin_acetate"", ""decreases_efficacy_of"", ""Carfentanil""], [""Oxyphenisatin_acetate"", ""decreases_efficacy_of"", ""Tetrandrine""], [""Pregabalin"", ""increases_efficacy_of"", ""Pizotifen""], [""Pregabalin"", ""has_side_effect"", ""Deafness""], [""Pregabalin"", ""has_side_effect"", ""Proctalgia""], [""Heptabarbital"", ""increases_efficacy_of"", ""Pregabalin""], [""Heptabarbital"", ""decreases_efficacy_of"", ""Dehydrocholic_acid""], [""Heptabarbital"", ""decreases_efficacy_of"", ""Oxyphenisatin_acetate""], [""Tetrandrine"", ""targets"", ""Nci-h522""], [""Olanzapine"", ""decreases_efficacy_of"", ""Formoterol""], [""Olanzapine"", ""has_side_effect"", ""Faecalith""], [""Olanzapine"", ""has_side_effect"", ""Increased_blood_creatine_phosphokinase""], [""Dehydrocholic_acid"", ""decreases_efficacy_of"", ""Talbutal""], [""Dehydrocholic_acid"", ""decreases_efficacy_of"", ""Mepenzolate""]]","Oxyphenisatin acetate decreases the efficacy of olanzapine, carfentanil, and tetrandrine. Pregabalin increases the efficacy of pizotifen but has side effects such as deafness and proctalgia. Heptabarbital both increases the efficacy of pregabalin and decreases the efficacy of dehydrocholic acid and oxyphenisatin acetate. Tetrandrine targets nci-h522. Olanzapine reduces the efficacy of formoterol and has side effects like faecalith and increased blood creatine phosphokinase. Dehydrocholic acid decreases the efficacy of talbutal and mepenzolate.","[[""Oxyphenisatin_acetate"", ""decreases_efficacy_of"", ""Olanzapine""], [""Oxyphenisatin_acetate"", ""decreases_efficacy_of"", ""Carfentanil""], [""Oxyphenisatin_acetate"", ""decreases_efficacy_of"", ""Tetrandrine""], [""Pregabalin"", ""increases_efficacy_of"", ""Pizotifen""], [""Pregabalin"", ""has_side_effect"", ""Deafness""], [""Pregabalin"", ""has_side_effect"", ""Proctalgia""], [""Heptabarbital"", ""increases_efficacy_of"", ""Pregabalin""], [""Heptabarbital"", ""decreases_efficacy_of"", ""Dehydrocholic_acid""], [""Heptabarbital"", ""decreases_efficacy_of"", ""Oxyphenisatin_acetate""], [""Tetrandrine"", ""targets"", ""Nci-h522""], [""Olanzapine"", ""reduces_efficacy_of"", ""Formoterol""], [""Olanzapine"", ""has_side_effect"", ""Faecalith""], [""Olanzapine"", ""has_side_effect"", ""Increased_blood_creatine_phosphokinase""], [""Dehydrocholic_acid"", ""decreases_efficacy_of"", ""Talbutal""], [""Dehydrocholic_acid"", ""decreases_efficacy_of"", ""Mepenzolate""]]"68,"Tositumomab increases the effect of methemoglobinemia while decreasing the efficacy of the rotavirus vaccine, typhoid vi polysaccharide vaccine. Clobetasol propionate increases the activity of the excretion rate. Typhoid vi polysaccharide vaccine decreases the efficacy of clobetasol propionate, sunitinib, and inebilizumab. Rotavirus vaccine decreases the efficacy of glatiramer, human interferon omega-1, and meprednisone.","[[""Tositumomab"", ""increases_effect_of"", ""methemoglobinemia""], [""Tositumomab"", ""decreases_efficacy_of"", ""rotavirus_vaccine""], [""Tositumomab"", ""decreases_efficacy_of"", ""typhoid_vi_polysaccharide_vaccine""], [""Clobetasol_propionate"", ""increases_activity_of"", ""excretion_rate""], [""Typhoid_vi_polysaccharide_vaccine"", ""decreases_efficacy_of"", ""clobetasol_propionate""], [""Typhoid_vi_polysaccharide_vaccine"", ""decreases_efficacy_of"", ""sunitinib""], [""Typhoid_vi_polysaccharide_vaccine"", ""decreases_efficacy_of"", ""inebilizumab""], [""Rotavirus_vaccine"", ""decreases_efficacy_of"", ""glatiramer""], [""Rotavirus_vaccine"", ""decreases_efficacy_of"", ""human_interferon_omega-1""], [""Rotavirus_vaccine"", ""decreases_efficacy_of"", ""meprednisone""]]","Tositumomab increases the risk of methemoglobinemia and decreases the efficacy of rotavirus vaccine and typhoid VI polysaccharide vaccine. Clobetasol propionate increases the activity of the excretion rate. Typhoid VI polysaccharide vaccine decreases the efficacy of clobetasol propionate, sunitinib, and inebilizumab. Rotavirus vaccine decreases the efficacy of glatiramer, human interferon omega-1, and meprednisone.","[[""Tositumomab"", ""increases_risk_of"", ""methemoglobinemia""], [""Tositumomab"", ""decreases_efficacy_of"", ""rotavirus_vaccine""], [""Tositumomab"", ""decreases_efficacy_of"", ""typhoid_VI_polysaccharide_vaccine""], [""Clobetasol_propionate"", ""increases_activity_of"", ""excretion_rate""], [""Typhoid_VI_polysaccharide_vaccine"", ""decreases_efficacy_of"", ""clobetasol_propionate""], [""Typhoid_VI_polysaccharide_vaccine"", ""decreases_efficacy_of"", ""sunitinib""], [""Typhoid_VI_polysaccharide_vaccine"", ""decreases_efficacy_of"", ""inebilizumab""], [""Rotavirus_vaccine"", ""decreases_efficacy_of"", ""glatiramer""], [""Rotavirus_vaccine"", ""decreases_efficacy_of"", ""human_interferon_omega-1""], [""Rotavirus_vaccine"", ""decreases_efficacy_of"", ""meprednisone""]]"
69,"Retinitis pigmentosa is associated with the phenotypes of constriction of peripheral visual field, hyperreflexia, and type II diabetes mellitus. DHDDS is known to cause conditions such as retinitis pigmentosa 59, non-specific early-onset epileptic encephalopathy, and retinitis pigmentosa. Retinitis pigmentosa 59 presents phenotypes including axial hypotonia, intrauterine growth retardation, and cryptorchidism. Non-specific early-onset epileptic encephalopathy is characterized by phenotypes like involuntary movements, brain atrophy, and status epilepticus.","[[""Retinitis_pigmentosa"", ""associated_with"", ""constriction_of_peripheral_visual_field""], [""Retinitis_pigmentosa"", ""associated_with"", ""hyperreflexia""], [""Retinitis_pigmentosa"", ""associated_with"", ""type_II_diabetes_mellitus""], [""DHDDS"", ""causes"", ""Retinitis_pigmentosa_59""], [""DHDDS"", ""causes"", ""non-specific_early-onset_epileptic_encephalopathy""], [""DHDDS"", ""causes"", ""Retinitis_pigmentosa""], [""Retinitis_pigmentosa_59"", ""presents"", ""axial_hypotonia""], [""Retinitis_pigmentosa_59"", ""presents"", ""intrauterine_growth_retardation""], [""Retinitis_pigmentosa_59"", ""presents"", ""cryptorchidism""], [""Non-specific_early-onset_epileptic_encephalopathy"", ""characterized_by"", ""involuntary_movements""], [""Non-specific_early-onset_epileptic_encephalopathy"", ""characterized_by"", ""brain_atrophy""], [""Non-specific_early-onset_epileptic_encephalopathy"", ""characterized_by"", ""status_epilepticus""]]","The condition retinitis pigmentosa is associated with several phenotypes including constriction of peripheral visual field, hyperreflexia, and type II diabetes mellitus. Additionally, the gene DHDDS is known to cause non-specific early-onset epileptic encephalopathy. On the other hand, the specific subtype retinitis pigmentosa 59 presents phenotypes such as axial hypotonia, intrauterine growth retardation, and cryptorchidism. The condition non-specific early-onset epileptic encephalopathy is characterized by phenotypes like involuntary movements, brain atrophy, and status epilepticus.","[[""Retinitis_pigmentosa"", ""associated_with"", ""constriction_of_peripheral_visual_field""], [""Retinitis_pigmentosa"", ""associated_with"", ""hyperreflexia""], [""Retinitis_pigmentosa"", ""associated_with"", ""type_II_diabetes_mellitus""], [""DHDDS"", ""causes"", ""non-specific_early-onset_epileptic_encephalopathy""], [""Retinitis_pigmentosa_59"", ""presents"", ""axial_hypotonia""], [""Retinitis_pigmentosa_59"", ""presents"", ""intrauterine_growth_retardation""], [""Retinitis_pigmentosa_59"", ""presents"", ""cryptorchidism""], [""Non-specific_early-onset_epileptic_encephalopathy"", ""characterized_by"", ""involuntary_movements""], [""Non-specific_early-onset_epileptic_encephalopathy"", ""characterized_by"", ""brain_atrophy""], [""Non-specific_early-onset_epileptic_encephalopathy"", ""characterized_by"", ""status_epilepticus""]]"
70,"The drug obinutuzumab increases the activity of the myelosuppressive activities. 
Obinutuzumab decreases the efficacy of pev3a and typhoid vi polysaccharide vaccine. 
Typhoid vi polysaccharide vaccine decreases the efficacy of pegaspargase, triamcinolone, and hypericin.","[[""Obinutuzumab"", ""increases"", ""myelosuppressive_activities""], [""Obinutuzumab"", ""decreases"", ""pev3a""], [""Obinutuzumab"", ""decreases"", ""typhoid_vi_polysaccharide_vaccine""], [""Typhoid_vi_polysaccharide_vaccine"", ""decreases"", ""pegaspargase""], [""Typhoid_vi_polysaccharide_vaccine"", ""decreases"", ""triamcinolone""], [""Typhoid_vi_polysaccharide_vaccine"", ""decreases"", ""hypericin""]]","Obinutuzumab increases the activity of the myelosuppressive activities. Additionally, obinutuzumab decreases the efficacy of pev3a, typhoid vi polysaccharide vaccine. The typhoid vi polysaccharide vaccine, in turn, decreases the efficacy of pegaspargase, triamcinolone, and hypericin.","[[""Obinutuzumab"", ""increases"", ""myelosuppressive_activities""], [""Obinutuzumab"", ""decreases"", ""pev3a""], [""Obinutuzumab"", ""decreases"", ""typhoid_vi_polysaccharide_vaccine""], [""Typhoid_vi_polysaccharide_vaccine"", ""decreases"", ""pegaspargase""], [""Typhoid_vi_polysaccharide_vaccine"", ""decreases"", ""triamcinolone""], [""Typhoid_vi_polysaccharide_vaccine"", ""decreases"", ""hypericin""]]"
71,"The gene PLG is involved in several pathways including Signaling by PDGF and Dissolution of Fibrin Clot. PLG also causes a condition known as hypoplasminogenemia. 

Congenital prothrombin deficiency leads to phenotypes such as post-partum hemorrhage and microscopic hematuria. Additionally, F2 causes congenital prothrombin deficiency and participates in G alpha (q) signalling events and Platelet Aggregation (Plug Formation). 

Furthermore, nostocyclopeptide a1 targets various proteins including lovo, plasminogen, and prothrombin. Moreover, plasminogen is a gene product of PLG while prothrombin is a gene product of F2.","[[""PLG"", ""involved_in"", ""Signaling_by_PDGF""], [""PLG"", ""involved_in"", ""Dissolution_of_Fibrin_Clot""], [""PLG"", ""causes"", ""hypoplasminogenemia""], [""Congenital_prothrombin_deficiency"", ""leads_to"", ""post-partum_hemorrhage""], [""Congenital_prothrombin_deficiency"", ""leads_to"", ""microscopic_hematuria""], [""F2"", ""causes"", ""congenital_prothrombin_deficiency""], [""F2"", ""participates_in"", ""G_alpha_(q)_signalling_events""], [""F2"", ""participates_in"", ""Platelet_Aggregation_(Plug_Formation)""], [""nostocyclopeptide_a1"", ""targets"", ""lovo""], [""nostocyclopeptide_a1"", ""targets"", ""plasminogen""], [""nostocyclopeptide_a1"", ""targets"", ""prothrombin""], [""plasminogen"", ""gene_product_of"", ""PLG""], [""prothrombin"", ""gene_product_of"", ""F2""]]",The gene PLG causes hypoplasminogenemia and acts within the Dissolution of Fibrin Clot pathway. Congenital prothrombin deficiency has a phenotype of post-partum hemorrhage. The gene F2 causes congenital prothrombin deficiency and acts within the Platelet Aggregation (Plug Formation) pathway. The compound nostocyclopeptide a1 has a target of lovo.,"[[""PLG"", ""causes"", ""hypoplasminogenemia""], [""PLG"", ""acts_within"", ""Dissolution_of_Fibrin_Clot""], [""Congenital_prothrombin_deficiency"", ""has_phenotype"", ""post-partum_hemorrhage""], [""F2"", ""causes"", ""congenital_prothrombin_deficiency""], [""F2"", ""acts_within"", ""Platelet_Aggregation_(Plug_Formation)""], [""nostocyclopeptide_a1"", ""has_target"", ""lovo""]]"
72,"The drug thiotepa decreases the efficacy of methantheline, methotrimeprazine, and hydrocortisone acetate. Methantheline targets the muscarinic acetylcholine receptor m2 and also decreases the efficacy of dexmethylphenidate and sulfate ion. Hydrocortisone acetate decreases the efficacy of mefloquine, sulpiride, and methanesulfonyl fluoride. Methotrimeprazine decreases the efficacy of tropatepine, taspoglutide, and plantago ovata seed.","[[""thiotepa"", ""decreases_efficacy_of"", ""methantheline""], [""thiotepa"", ""decreases_efficacy_of"", ""methotrimeprazine""], [""thiotepa"", ""decreases_efficacy_of"", ""hydrocortisone_acetate""], [""methantheline"", ""targets"", ""muscarinic_acetylcholine_receptor_m2""], [""methantheline"", ""decreases_efficacy_of"", ""dexmethylphenidate""], [""methantheline"", ""decreases_efficacy_of"", ""sulfate_ion""], [""hydrocortisone_acetate"", ""decreases_efficacy_of"", ""mefloquine""], [""hydrocortisone_acetate"", ""decreases_efficacy_of"", ""sulpiride""], [""hydrocortisone_acetate"", ""decreases_efficacy_of"", ""methanesulfonyl_fluoride""], [""methotrimeprazine"", ""decreases_efficacy_of"", ""tropatepine""], [""methotrimeprazine"", ""decreases_efficacy_of"", ""taspoglutide""], [""methotrimeprazine"", ""decreases_efficacy_of"", ""plantago_ovata_seed""]]","Thiotepa decreases the efficacy of methantheline, methotrimeprazine, and hydrocortisone acetate. Methantheline targets the muscarinic acetylcholine receptor m2 and also decreases the efficacy of dexmethylphenidate. Hydrocortisone acetate decreases the efficacy of sulpiride and methanesulfonyl fluoride. Methotrimeprazine decreases the efficacy of taspoglutide.","[[""thiotepa"", ""decreases_efficacy_of"", ""methantheline""], [""thiotepa"", ""decreases_efficacy_of"", ""methotrimeprazine""], [""thiotepa"", ""decreases_efficacy_of"", ""hydrocortisone_acetate""], [""methantheline"", ""targets"", ""muscarinic_acetylcholine_receptor_m2""], [""methantheline"", ""decreases_efficacy_of"", ""dexmethylphenidate""], [""hydrocortisone_acetate"", ""decreases_efficacy_of"", ""sulpiride""], [""hydrocortisone_acetate"", ""decreases_efficacy_of"", ""methanesulfonyl_fluoride""], [""methotrimeprazine"", ""decreases_efficacy_of"", ""taspoglutide""]]"
73,"Salicylamide increases the activity of the hypertensive activities and has an effect on hypertension. It also decreases the efficacy of cyclopenthiazide. Imidazole salicylate decreases the efficacy of trimethaphan, indoramin, and epitizide. Zaltoprofen decreases the efficacy of luprostiol and vincamine. Candoxatril decreases the efficacy of zaltoprofen, salicylamide, and imidazole salicylate.","[[""Salicylamide"", ""increases"", ""hypertensive_activities""], [""Salicylamide"", ""has_an_effect_on"", ""hypertension""], [""Salicylamide"", ""decreases"", ""efficacy_of_cyclopenthiazide""], [""Imidazole_salicylate"", ""decreases"", ""efficacy_of_trimethaphan""], [""Imidazole_salicylate"", ""decreases"", ""efficacy_of_indoramin""], [""Imidazole_salicylate"", ""decreases"", ""efficacy_of_epitizide""], [""Zaltoprofen"", ""decreases"", ""efficacy_of_luprostiol""], [""Zaltoprofen"", ""decreases"", ""efficacy_of_vincamine""], [""Candoxatril"", ""decreases"", ""efficacy_of_zaltoprofen""], [""Candoxatril"", ""decreases"", ""efficacy_of_salicylamide""], [""Candoxatril"", ""decreases"", ""efficacy_of_imidazole_salicylate""]]","Salicylamide has an effect on hypertension by decreasing the activity of the hypertensive activities. Additionally, it reduces the efficacy of cyclopenthiazide. Imidazole salicylate decreases the efficacy of trimethaphan, indoramin, and epitizide. Zaltoprofen decreases the efficacy of luprostiol and vincamine. Candoxatril decreases the efficacy of zaltoprofen, salicylamide, and imidazole salicylate.","[[""Salicylamide"", ""decreases"", ""hypertensive_activities""], [""Salicylamide"", ""has_an_effect_on"", ""hypertension""], [""Salicylamide"", ""reduces"", ""efficacy_of_cyclopenthiazide""], [""Imidazole_salicylate"", ""decreases"", ""efficacy_of_trimethaphan""], [""Imidazole_salicylate"", ""decreases"", ""efficacy_of_indoramin""], [""Imidazole_salicylate"", ""decreases"", ""efficacy_of_epitizide""], [""Zaltoprofen"", ""decreases"", ""efficacy_of_luprostiol""], [""Zaltoprofen"", ""decreases"", ""efficacy_of_vincamine""], [""Candoxatril"", ""decreases"", ""efficacy_of_zaltoprofen""], [""Candoxatril"", ""decreases"", ""efficacy_of_salicylamide""], [""Candoxatril"", ""decreases"", ""efficacy_of_imidazole_salicylate""]]"
74,"Cloranolol increases the efficacy of acetohexamide and gastric inhibitory polypeptide, while decreasing the efficacy of rimiterol. Levonordefrin increases the efficacy of naphazoline, but decreases the efficacy of trimazosin and cloranolol. Naphazoline has a target in the alpha-1a adrenergic receptor and has opposite effects on zuclopenthixol and theodrenaline, where it decreases the efficacy of zuclopenthixol but increases the efficacy of theodrenaline. Additionally, trimazosin decreases the efficacy of abediterol.","[[""Cloranolol"", ""increases_efficacy_of"", ""Acetohexamide""], [""Cloranolol"", ""increases_efficacy_of"", ""Gastric_Inhibitory_Polypeptide""], [""Cloranolol"", ""decreases_efficacy_of"", ""Rimiterol""], [""Levonordefrin"", ""increases_efficacy_of"", ""Naphazoline""], [""Levonordefrin"", ""decreases_efficacy_of"", ""Trimazosin""], [""Levonordefrin"", ""decreases_efficacy_of"", ""Cloranolol""], [""Naphazoline"", ""has_target_in"", ""Alpha-1a_Adrrenergic_Receptor""], [""Naphazoline"", ""decreases_efficacy_of"", ""Zuclopenthixol""], [""Naphazoline"", ""increases_efficacy_of"", ""Theodrenaline""], [""Trimazosin"", ""decreases_efficacy_of"", ""Abediterol""]]","The drug cloranolol increases the efficacy of acetohexamide and gastric inhibitory polypeptide, but decreases the efficacy of rimiterol. Naphazoline targets the alpha-1a adrenergic receptor and can increase the efficacy of theodrenaline while decreasing the efficacy of zuclopenthixol. Levonordefrin increases the efficacy of naphazoline, but decreases the efficacy of trimazosin and cloranolol. Trimazosin, in turn, decreases the efficacy of abediterol.","[[""Cloranolol"", ""increases_efficacy_of"", ""Acetohexamide""], [""Cloranolol"", ""increases_efficacy_of"", ""Gastric_Inhibitory_Polypeptide""], [""Cloranolol"", ""decreases_efficacy_of"", ""Rimiterol""], [""Naphazoline"", ""has_target_in"", ""Alpha-1a_Adrrenergic_Receptor""], [""Naphazoline"", ""increases_efficacy_of"", ""Theodrenaline""], [""Naphazoline"", ""decreases_efficacy_of"", ""Zuclopenthixol""], [""Levonordefrin"", ""increases_efficacy_of"", ""Naphazoline""], [""Levonordefrin"", ""decreases_efficacy_of"", ""Trimazosin""], [""Levonordefrin"", ""decreases_efficacy_of"", ""Cloranolol""], [""Trimazosin"", ""decreases_efficacy_of"", ""Abediterol""]]"
75,"Ferulic acid decreases the efficacy of cefpirome and has a target of ccrf-cem. Idraparinux decreases the efficacy of cefradine, cefaloridine, and rusalatide acetate. Cefaloridine decreases the efficacy of urokinase, pentosan polysulfate, and parnaparin. Rusalatide acetate decreases the efficacy of dalteparin and gabexate. Cefradine decreases the efficacy of enoxaparin, cangrelor, and ferulic acid. Cangrelor decreases the efficacy of cefdinir and norelgestromin.","[[""Ferulic_acid"", ""decreases_efficacy_of"", ""cefpirome""], [""Ferulic_acid"", ""has_target"", ""ccrf-cem""], [""Idraparinux"", ""decreases_efficacy_of"", ""cefradine""], [""Idraparinux"", ""decreases_efficacy_of"", ""cefaloridine""], [""Idraparinux"", ""decreases_efficacy_of"", ""rusalatide_acetate""], [""Cefaloridine"", ""decreases_efficacy_of"", ""urokinase""], [""Cefaloridine"", ""decreases_efficacy_of"", ""pentosan_polysulfate""], [""Cefaloridine"", ""decreases_efficacy_of"", ""parnaparin""], [""Rusalatide_acetate"", ""decreases_efficacy_of"", ""dalteparin""], [""Rusalatide_acetate"", ""decreases_efficacy_of"", ""gabexate""], [""Cefradine"", ""decreases_efficacy_of"", ""enoxaparin""], [""Cefradine"", ""decreases_efficacy_of"", ""cangrelor""], [""Cefradine"", ""decreases_efficacy_of"", ""ferulic_acid""], [""Cangrelor"", ""decreases_efficacy_of"", ""cefdinir""], [""Cangrelor"", ""decreases_efficacy_of"", ""norelgestromin""]]","Ferulic acid decreases the efficacy of cefpirome and has a target known as CCRF-CEM. Idraparinux decreases the efficacy of cefradine, cefaloridine, and rusalatide acetate. Cefaloridine decreases the efficacy of urokinase, pentosan polysulfate, and parnaparin. Rusalatide acetate decreases the efficacy of dalteparin and gabexate. Cefradine decreases the efficacy of enoxaparin, cangrelor, and ferulic acid. Cangrelor decreases the efficacy of cefdinir and norelgestromin.","[[""Ferulic_acid"", ""decreases_efficacy_of"", ""cefpirome""], [""Ferulic_acid"", ""has_target"", ""CCRF-CEM""], [""Idraparinux"", ""decreases_efficacy_of"", ""cefradine""], [""Idraparinux"", ""decreases_efficacy_of"", ""cefaloridine""], [""Idraparinux"", ""decreases_efficacy_of"", ""rusalatide_acetate""], [""Cefaloridine"", ""decreases_efficacy_of"", ""urokinase""], [""Cefaloridine"", ""decreases_efficacy_of"", ""pentosan_polysulfate""], [""Cefaloridine"", ""decreases_efficacy_of"", ""parnaparin""], [""Rusalatide_acetate"", ""decreases_efficacy_of"", ""dalteparin""], [""Rusalatide_acetate"", ""decreases_efficacy_of"", ""gabexate""], [""Cefradine"", ""decreases_efficacy_of"", ""enoxaparin""], [""Cefradine"", ""decreases_efficacy_of"", ""cangrelor""], [""Cefradine"", ""decreases_efficacy_of"", ""ferulic_acid""], [""Cangrelor"", ""decreases_efficacy_of"", ""cefdinir""], [""Cangrelor"", ""decreases_efficacy_of"", ""norelgestromin""]]"
76,"The compound 9-deazaguanine decreases the activity of effectiveness. Additionally, it decreases the efficacy of adinazolam and delorazepam. Similarly, 7-deazaguanine reduces the efficacy of alprazolam, halazepam, and nordazepam. Moreover, cinazepam lowers the efficacy of dyphylline, 7-deazaguanine, and 9-deazaguanine.","[[""9-deazaguanine"", ""decreases"", ""activity_of_effectiveness""], [""9-deazaguanine"", ""decreases"", ""efficacy_of_adinazolam""], [""9-deazaguanine"", ""decreases"", ""efficacy_of_delorazepam""], [""7-deazaguanine"", ""reduces"", ""efficacy_of_alprazolam""], [""7-deazaguanine"", ""reduces"", ""efficacy_of_halazepam""], [""7-deazaguanine"", ""reduces"", ""efficacy_of_nordazepam""], [""cinazepam"", ""lowers"", ""efficacy_of_dyphylline""], [""cinazepam"", ""lowers"", ""efficacy_of_7-deazaguanine""], [""cinazepam"", ""lowers"", ""efficacy_of_9-deazaguanine""]]","The compound 9-deazaguanine decreases the activity of effectiveness. Additionally, 9-deazaguanine decreases the efficacy of adinazolam and delorazepam. Furthermore, 7-deazaguanine decreases the efficacy of alprazolam, halazepam, and nordazepam. Lastly, cinazepam decreases the efficacy of dyphylline, 7-deazaguanine, and 9-deazaguanine.","[[""9-deazaguanine"", ""decreases"", ""activity_of_effectiveness""], [""9-deazaguanine"", ""decreases"", ""efficacy_of_adinazolam""], [""9-deazaguanine"", ""decreases"", ""efficacy_of_delorazepam""], [""7-deazaguanine"", ""decreases"", ""efficacy_of_alprazolam""], [""7-deazaguanine"", ""decreases"", ""efficacy_of_halazepam""], [""7-deazaguanine"", ""decreases"", ""efficacy_of_nordazepam""], [""cinazepam"", ""decreases"", ""efficacy_of_dyphylline""], [""cinazepam"", ""decreases"", ""efficacy_of_7-deazaguanine""], [""cinazepam"", ""decreases"", ""efficacy_of_9-deazaguanine""]]"
77,"Allicin decreases the efficacy of atazanavir, somapacitan, and increases the efficacy of sulfameter. Atazanavir, in turn, decreases the efficacy of ipragliflozin and has side effects such as Myocarditis and Oedema peripheral. Sulfameter enhances the efficacy of amg-222, benfluorex, and tofogliflozin.",[],"Allicin decreases the efficacy of atazanavir and somapacitan, while increasing the efficacy of sulfameter. Atazanavir, in turn, decreases the efficacy of ipragliflozin and has side effects such as myocarditis and peripheral oedema. Sulfameter increases the efficacy of amg-222, benfluorex, and tofogliflozin.",[]
78,"The drug INGN 225 decreases the efficacy of cyclosporine and inolimomab. The measles virus vaccine live attenuated also decreases the efficacy of raltitrexed, zidovudine, and baricitinib. Additionally, SRP 299 decreases the efficacy of pemetrexed, ciclesonide, and emapalumab. Furthermore, filgotinib decreases the efficacy of INGN 225, SRP 299, and the measles virus vaccine live attenuated.","[[""INGN_225"", ""decreases_efficacy_of"", ""cyclosporine""], [""INGN_225"", ""decreases_efficacy_of"", ""inolimomab""], [""measles_virus_vaccine_live_attenuated"", ""decreases_efficacy_of"", ""raltitrexed""], [""measles_virus_vaccine_live_attenuated"", ""decreases_efficacy_of"", ""zidovudine""], [""measles_virus_vaccine_live_attenuated"", ""decreases_efficacy_of"", ""baricitinib""], [""SRP_299"", ""decreases_efficacy_of"", ""pemetrexed""], [""SRP_299"", ""decreases_efficacy_of"", ""ciclesonide""], [""SRP_299"", ""decreases_efficacy_of"", ""emapalumab""], [""filgotinib"", ""decreases_efficacy_of"", ""INGN_225""], [""filgotinib"", ""decreases_efficacy_of"", ""SRP_299""], [""filgotinib"", ""decreases_efficacy_of"", ""measles_virus_vaccine_live_attenuated""]]","The drug INGN 225 decreases the efficacy of cyclosporine and inolimomab. Additionally, the measles virus vaccine live attenuated decreases the efficacy of raltitrexed, zidovudine, and baricitinib. Moreover, SRP 299 reduces the efficacy of pemetrexed, ciclesonide, and emapalumab. Lastly, filgotinib decreases the efficacy of INGN 225.","[[""INGN_225"", ""decreases_efficacy_of"", ""cyclosporine""], [""INGN_225"", ""decreases_efficacy_of"", ""inolimomab""], [""measles_virus_vaccine_live_attenuated"", ""decreases_efficacy_of"", ""raltitrexed""], [""measles_virus_vaccine_live_attenuated"", ""decreases_efficacy_of"", ""zidovudine""], [""measles_virus_vaccine_live_attenuated"", ""decreases_efficacy_of"", ""baricitinib""], [""SRP_299"", ""reduces_efficacy_of"", ""pemetrexed""], [""SRP_299"", ""reduces_efficacy_of"", ""ciclesonide""], [""SRP_299"", ""reduces_efficacy_of"", ""emapalumab""], [""filgotinib"", ""decreases_efficacy_of"", ""INGN_225""]]"
68,"Tositumomab increases the effect of methemoglobinemia while decreasing the efficacy of the rotavirus vaccine, typhoid vi polysaccharide vaccine. Clobetasol propionate increases the activity of the excretion rate. Typhoid vi polysaccharide vaccine decreases the efficacy of clobetasol propionate, sunitinib, and inebilizumab. Rotavirus vaccine decreases the efficacy of glatiramer, human interferon omega-1, and meprednisone.","[[""Tositumomab"", ""increases_effect_of"", ""methemoglobinemia""], [""Tositumomab"", ""decreases_efficacy_of"", ""rotavirus_vaccine""], [""Tositumomab"", ""decreases_efficacy_of"", ""typhoid_vi_polysaccharide_vaccine""], [""Clobetasol_propionate"", ""increases_activity_of"", ""excretion_rate""], [""Typhoid_vi_polysaccharide_vaccine"", ""decreases_efficacy_of"", ""clobetasol_propionate""], [""Typhoid_vi_polysaccharide_vaccine"", ""decreases_efficacy_of"", ""sunitinib""], [""Typhoid_vi_polysaccharide_vaccine"", ""decreases_efficacy_of"", ""inebilizumab""], [""Rotavirus_vaccine"", ""decreases_efficacy_of"", ""glatiramer""], [""Rotavirus_vaccine"", ""decreases_efficacy_of"", ""human_interferon_omega-1""], [""Rotavirus_vaccine"", ""decreases_efficacy_of"", ""meprednisone""]]","Tositumomab increases the risk of methemoglobinemia and decreases the efficacy of rotavirus vaccine and typhoid VI polysaccharide vaccine. Clobetasol propionate increases the activity of the excretion rate. Typhoid VI polysaccharide vaccine decreases the efficacy of clobetasol propionate, sunitinib, and inebilizumab. Rotavirus vaccine decreases the efficacy of glatiramer, human interferon omega-1, and meprednisone.","[[""Tositumomab"", ""increases_risk_of"", ""methemoglobinemia""], [""Tositumomab"", ""decreases_efficacy_of"", ""rotavirus_vaccine""], [""Tositumomab"", ""decreases_efficacy_of"", ""typhoid_VI_polysaccharide_vaccine""], [""Clobetasol_propionate"", ""increases_activity_of"", ""excretion_rate""], [""Typhoid_VI_polysaccharide_vaccine"", ""decreases_efficacy_of"", ""clobetasol_propionate""], [""Typhoid_VI_polysaccharide_vaccine"", ""decreases_efficacy_of"", ""sunitinib""], [""Typhoid_VI_polysaccharide_vaccine"", ""decreases_efficacy_of"", ""inebilizumab""], [""Rotavirus_vaccine"", ""decreases_efficacy_of"", ""glatiramer""], [""Rotavirus_vaccine"", ""decreases_efficacy_of"", ""human_interferon_omega-1""], [""Rotavirus_vaccine"", ""decreases_efficacy_of"", ""meprednisone""]]"
77,"Allicin decreases the efficacy of atazanavir, somapacitan, and increases the efficacy of sulfameter. Atazanavir, in turn, decreases the efficacy of ipragliflozin and has side effects such as Myocarditis and Oedema peripheral. Sulfameter enhances the efficacy of amg-222, benfluorex, and tofogliflozin.","[[""Allicin"", ""decreases_efficacy_of"", ""atazanavir""], [""Allicin"", ""decreases_efficacy_of"", ""somapacitan""], [""Allicin"", ""increases_efficacy_of"", ""sulfameter""], [""atazanavir"", ""decreases_efficacy_of"", ""ipragliflozin""], [""atazanavir"", ""has_side_effect"", ""Myocarditis""], [""atazanavir"", ""has_side_effect"", ""Oedema_peripheral""], [""sulfameter"", ""enhances_efficacy_of"", ""amg-222""], [""sulfameter"", ""enhances_efficacy_of"", ""benfluorex""], [""sulfameter"", ""enhances_efficacy_of"", ""tofogliflozin""]]","Allicin decreases the efficacy of atazanavir and somapacitan, while increasing the efficacy of sulfameter. Atazanavir, in turn, decreases the efficacy of ipragliflozin and has side effects such as myocarditis and peripheral oedema. Sulfameter increases the efficacy of amg-222, benfluorex, and tofogliflozin.","[[""Allicin"", ""decreases_efficacy_of"", ""atazanavir""], [""Allicin"", ""decreases_efficacy_of"", ""somapacitan""], [""Allicin"", ""increases_efficacy_of"", ""sulfameter""], [""atazanavir"", ""decreases_efficacy_of"", ""ipragliflozin""], [""atazanavir"", ""has_side_effect"", ""myocarditis""], [""atazanavir"", ""has_side_effect"", ""peripheral_oedema""], [""sulfameter"", ""increases_efficacy_of"", ""amg-222""], [""sulfameter"", ""increases_efficacy_of"", ""benfluorex""], [""sulfameter"", ""increases_efficacy_of"", ""tofogliflozin""]]"
79,"The drug naproxen increases the risk of renal failure. Additionally, it decreases the efficacy of chlorthalidone and terazosin. Chlorthalidone, in turn, decreases the efficacy of amg-222.","[[""naproxen"", ""increases_risk_of"", ""renal_failure""], [""naproxen"", ""decreases_efficacy_of"", ""chlorthalidone""], [""naproxen"", ""decreases_efficacy_of"", ""terazosin""], [""chlorthalidone"", ""decreases_efficacy_of"", ""amg-222""]]","The drug Naproxen increases the risk of renal failure, decreases the efficacy of Chlorthalidone and Terazosin. Chlorthalidone, in turn, decreases the efficacy of AMG-222.","[[""Naproxen"", ""increases_risk_of"", ""renal_failure""], [""Naproxen"", ""decreases_efficacy_of"", ""Chlorthalidone""], [""Naproxen"", ""decreases_efficacy_of"", ""Terazosin""], [""Chlorthalidone"", ""decreases_efficacy_of"", ""AMG-222""]]"
