id,paragraph_1,kg_1,paragraph_2,kg_2
0,"The U.S. Economy is closely related to Gross Domestic Product, the global economic slowdown, and innovation. The Gross Domestic Product operates in Mexico and relates to both economic growth and the Canadian economy. Spending impacts the U.S. Economy, while the global economic slowdown has a negative impact on bank stocks. Furthermore, innovation not only affects technology but also has a positive impact on business and significantly influences the jobs market.","[[""U.S._Economy"", ""related_to"", ""Gross_Domestic_Product""], [""U.S._Economy"", ""related_to"", ""global_economic_slowdown""], [""U.S._Economy"", ""related_to"", ""innovation""], [""Gross_Domestic_Product"", ""operates_in"", ""Mexico""], [""Gross_Domestic_Product"", ""relates_to"", ""economic_growth""], [""Gross_Domestic_Product"", ""relates_to"", ""Canadian_economy""], [""Spending"", ""impacts"", ""U.S._Economy""], [""global_economic_slowdown"", ""has_negative_impact_on"", ""bank_stocks""], [""Innovation"", ""affects"", ""technology""], [""Innovation"", ""has_positive_impact_on"", ""business""], [""Innovation"", ""influences"", ""jobs_market""]]","The U.S. Economy relates to several key factors including Gross Domestic Product, global economic slowdown, and innovation. The Gross Domestic Product operates in Mexico and also relates to economic growth and the Canadian economy. Additionally, spending impacts the U.S. Economy, while the global economic slowdown has a negative impact on bank stocks. Innovation plays a significant role by impacting technology and the jobs market, and it has a positive impact on business.","[[""U.S._Economy"", ""relates_to"", ""Gross_Domestic_Product""], [""U.S._Economy"", ""relates_to"", ""global_economic_slowdown""], [""U.S._Economy"", ""relates_to"", ""innovation""], [""Gross_Domestic_Product"", ""operates_in"", ""Mexico""], [""Gross_Domestic_Product"", ""relates_to"", ""economic_growth""], [""Gross_Domestic_Product"", ""relates_to"", ""Canadian_economy""], [""Spending"", ""impacts"", ""U.S._Economy""], [""global_economic_slowdown"", ""has_negative_impact_on"", ""bank_stocks""], [""Innovation"", ""impacts"", ""technology""], [""Innovation"", ""impacts"", ""jobs_market""], [""Innovation"", ""has_positive_impact_on"", ""business""]]"
1,"Assad plays a central role in controlling the Syrian Conflict, a situation that has garnered international attention. His actions are closely related to the deployment of chemical weapons, which have been a significant and controversial aspect of the conflict. Additionally, Assad is a key member of the Assad regime, which underpins the political structure supporting his control and influence.","[[""Assad"", ""plays_central_role_in"", ""Syrian_Conflict""], [""Syrian_Conflict"", ""has_garnered"", ""international_attention""], [""Assad"", ""actions_related_to"", ""deployment_of_chemical_weapons""], [""deployment_of_chemical_weapons"", ""aspect_of"", ""Syrian_Conflict""], [""Assad"", ""member_of"", ""Assad_regime""], [""Assad_regime"", ""underpins"", ""political_structure""], [""political_structure"", ""supports"", ""Assad_control_and_influence""]]","Assad exerts control over the Syrian Conflict, a complex situation involving various factions and international interests. His actions and decisions within this conflict are closely related to the deployment and alleged use of chemical weapons, which has drawn widespread condemnation and scrutiny. Additionally, Assad is a pivotal figure within the Assad regime, implying his integral role and influence within the governing structure that supports him.","[[""Assad"", ""exerts_control_over"", ""Syrian_Conflict""], [""Syrian_Conflict"", ""involves"", ""various_factions""], [""Syrian_Conflict"", ""involves"", ""international_interests""], [""Assad"", ""actions_related_to"", ""deployment_and_alleged_use_of_chemical_weapons""], [""deployment_and_alleged_use_of_chemical_weapons"", ""draws"", ""widespread_condemnation""], [""deployment_and_alleged_use_of_chemical_weapons"", ""draws"", ""scrutiny""], [""Assad"", ""pivotal_figure_in"", ""Assad_regime""], [""Assad_regime"", ""implies"", ""integral_role_of_Assad""], [""Assad_regime"", ""supports"", ""Assad_influence""], [""Assad_regime"", ""part_of"", ""governing_structure""]]"
2,"Manafort is related to both Paul Manafort and Mueller, and is involved in activities that raise concerns for U.S. banks. These banks, which operate in the United States, play a crucial role in controlling the financial response to potential cyberattacks.","[[""Manafort"", ""related_to"", ""Paul_Manafort""], [""Manafort"", ""related_to"", ""Mueller""], [""Manafort"", ""involved_in"", ""activities""], [""activities"", ""raise_concerns_for"", ""U.S._banks""], [""U.S._banks"", ""operate_in"", ""United_States""], [""U.S._banks"", ""play_role_in"", ""controlling_financial_response_to_potential_cyberattacks""]]","Manafort is connected to both the Secretary of State and Mueller, suggesting a significant network of relationships possibly affecting political and legal domains. In addition to these connections, Manafort also engages in activities that raise funds for charities. These charities, operating within the United States, exercise control over initiatives such as the MeToo Movement, indicating their influence and reach within societal change efforts.","[[""Manafort"", ""connected_to"", ""Secretary_of_State""], [""Manafort"", ""connected_to"", ""Mueller""], [""Manafort"", ""engages_in"", ""activities""], [""activities"", ""raise_funds_for"", ""charities""], [""charities"", ""operate_in"", ""United_States""], [""charities"", ""exercise_control_over"", ""initiatives""], [""initiatives"", ""include"", ""MeToo_Movement""], [""charities"", ""have_influence_on"", ""societal_change_efforts""]]"
3,"Paul Achleitner controls Deutsche Bank AG and has a significant impact on Deutsche Bank. Additionally, Paul Achleitner relates to John Cryan, indicating a connection between the two in the context of their roles within the bank.","[[""Paul_Achleitner"", ""controls"", ""Deutsche_Bank_AG""], [""Paul_Achleitner"", ""has_impact_on"", ""Deutsche_Bank""], [""Paul_Achleitner"", ""relates_to"", ""John_Cryan""], [""Paul_Achleitner"", ""role_context"", ""Deutsche_Bank""], [""John_Cryan"", ""role_context"", ""Deutsche_Bank""]]","Paul Achleitner controls Deutsche Bank AG and has a notable impact on Deutsche Bank. Additionally, Paul Achleitner relates to John Cryan, indicating a connection between them within the context of the bank's leadership and strategic direction.","[[""Paul_Achleitner"", ""controls"", ""Deutsche_Bank_AG""], [""Paul_Achleitner"", ""has_impact_on"", ""Deutsche_Bank""], [""Paul_Achleitner"", ""relates_to"", ""John_Cryan""], [""Paul_Achleitner"", ""role_context"", ""Deutsche_Bank_leadership""], [""John_Cryan"", ""role_context"", ""Deutsche_Bank_leadership""], [""Deutsche_Bank_leadership"", ""involves"", ""strategic_direction""]]"
4,"The ISM relates to trading partners and has a significant impact on both the manufacturing sector and the US economy. The manufacturing sector, in turn, relates to employment and operates within the Canadian economy.","[[""ISM"", ""relates_to"", ""trading_partners""], [""ISM"", ""impact_on"", ""manufacturing_sector""], [""ISM"", ""impact_on"", ""US_economy""], [""manufacturing_sector"", ""relates_to"", ""employment""], [""manufacturing_sector"", ""operates_in"", ""Canadian_economy""]]","The ISM relates to trading partners and has an impact on the US economy. Furthermore, the manufacturing sector operates in the Canadian economy and relates to employment, highlighting the interconnectedness of these economic components across borders.","[[""ISM"", ""relates_to"", ""trading_partners""], [""ISM"", ""impact_on"", ""US_economy""], [""manufacturing_sector"", ""operates_in"", ""Canadian_economy""], [""manufacturing_sector"", ""relates_to"", ""employment""]]"
5,"The Securities and Exchange Commission controls both shareholders and the banking industry, and has a negative impact on the Bitcoin ETF. Shareholders, in turn, impact companies, while William Taylor relates to both the US Government and the Securities and Exchange Commission. Additionally, the US Government relates to the U.S.-China trade dispute and negatively impacts Kellyanne Conway, while it also has an impact on investment in China.","[[""Securities_and_Exchange_Commission"", ""controls"", ""shareholders""], [""Securities_and_Exchange_Commission"", ""controls"", ""banking_industry""], [""Securities_and_Exchange_Commission"", ""negative_impact_on"", ""Bitcoin_ETF""], [""shareholders"", ""impact"", ""companies""], [""William_Taylor"", ""relates_to"", ""US_Government""], [""William_Taylor"", ""relates_to"", ""Securities_and_Exchange_Commission""], [""US_Government"", ""relates_to"", ""U.S.-China_trade_dispute""], [""US_Government"", ""negative_impact_on"", ""Kellyanne_Conway""], [""US_Government"", ""impact_on"", ""investment_in_China""]]","William Taylor relates to the US Government, which impacts investment in China. Additionally, shareholders have an influence on companies, indicating the interconnectedness between these entities in financial and political contexts.","[[""William_Taylor"", ""relates_to"", ""US_Government""], [""US_Government"", ""impact_on"", ""investment_in_China""], [""shareholders"", ""influence_on"", ""companies""]]"
6,"Economic data relates to inflation and has an impact on trade discussions. Additionally, the market is interconnected with economic data and it significantly impacts emerging-market currencies. Furthermore, the market is a member of the United Kingdom, reflecting its broader economic landscape.","[[""Economic_data"", ""relates_to"", ""inflation""], [""Economic_data"", ""has_impact_on"", ""trade_discussions""], [""Market"", ""interconnected_with"", ""Economic_data""], [""Market"", ""has_impact_on"", ""emerging-market_currencies""], [""Market"", ""member_of"", ""United_Kingdom""]]","Economic data relates to inflation and impacts trade discussions. The market is connected to this economic data and also has an impact on emerging-market currencies. Furthermore, the market is a member of the United Kingdom, indicating its inclusion within this economic framework.","[[""Economic_data"", ""relates_to"", ""inflation""], [""Economic_data"", ""impacts"", ""trade_discussions""], [""Market"", ""connected_to"", ""Economic_data""], [""Market"", ""has_impact_on"", ""emerging-market_currencies""], [""Market"", ""member_of"", ""United_Kingdom""]]"
7,"Chinese Steelmakers are noted to negatively impact U.S. Tariffs, which have a cascading effect on multiple fronts. The tariffs impact Beijing and influence the flow of Chinese imports. These measures also have implications for consumers, who, besides being impacted by the tariffs, are members of Alphabet Inc. Additionally, consumer behavior significantly impacts GDP Growth, highlighting the interconnected nature of modern economic systems.","[[""Chinese_Steelmakers"", ""impact"", ""U.S._Tariffs""], [""U.S._Tariffs"", ""affect"", ""Beijing""], [""U.S._Tariffs"", ""influence"", ""Chinese_imports""], [""U.S._Tariffs"", ""impact"", ""consumers""], [""consumers"", ""member_of"", ""Alphabet_Inc""], [""consumer_behavior"", ""impact"", ""GDP_Growth""]]","Chinese Steelmakers have a positive impact on U.S. tariffs, adjusting foreign trade dynamics. These U.S. tariffs subsequently affect Beijing, influencing governmental strategy and policy adjustments, while equally impacting the influx of Chinese imports. Moreover, U.S. tariffs play a significant role in shaping consumer behavior and market conditions. Meanwhile, consumers contribute to the composition of market metrics as they are members of Alphabet Inc., a major tech conglomerate, and their spending patterns can influence GDP growth, highlighting the interconnected nature of global economic factors.","[[""Chinese_Steelmakers"", ""impact"", ""U.S._Tariffs""], [""U.S._Tariffs"", ""affect"", ""Beijing""], [""U.S._Tariffs"", ""influence"", ""Chinese_imports""], [""U.S._Tariffs"", ""influence"", ""governmental_strategy""], [""U.S._Tariffs"", ""influence"", ""policy_adjustments""], [""U.S._Tariffs"", ""shape"", ""consumer_behavior""], [""U.S._Tariffs"", ""shape"", ""market_conditions""], [""consumers"", ""member_of"", ""Alphabet_Inc""], [""consumers"", ""contribute_to"", ""market_metrics""], [""consumer_spending_patterns"", ""influence"", ""GDP_Growth""]]"
8,"Blackstone has a significant relationship with Wall Street and actively invests in Switzerland. Furthermore, Blackstone operates in Saudi Arabia. Switzerland is interconnected with various international economic elements, such as trade deficits, the European Union, and China.","[[""Blackstone"", ""significant_relationship_with"", ""Wall_Street""], [""Blackstone"", ""actively_invests_in"", ""Switzerland""], [""Blackstone"", ""operates_in"", ""Saudi_Arabia""], [""Switzerland"", ""interconnected_with"", ""trade_deficits""], [""Switzerland"", ""interconnected_with"", ""European_Union""], [""Switzerland"", ""interconnected_with"", ""China""]]","Blackstone, a prominent financial entity, has various connections and operations that highlight its significant role in global finance. It relates to Wall Street, showcasing its involvement with one of the world's major financial centers. Furthermore, Blackstone invests in Switzerland, a country known for its banking prowess and strategic economic alliances. In addition to this investment, Blackstone operates in Saudi Arabia, indicating a diverse geographic span of activities. Switzerland itself maintains connections with several important economic factors; it relates to trade deficits, signaling its role in international trade dynamics. Additionally, Switzerland has established relationships with the European Union and China, two influential players in global commerce and economics.","[[""Blackstone"", ""prominent_financial_entity"", ""global_finance""], [""Blackstone"", ""relates_to"", ""Wall_Street""], [""Blackstone"", ""invests_in"", ""Switzerland""], [""Switzerland"", ""known_for"", ""banking_prowess""], [""Switzerland"", ""known_for"", ""strategic_economic_alliances""], [""Blackstone"", ""operates_in"", ""Saudi_Arabia""], [""Switzerland"", ""maintains_connections_with"", ""trade_deficits""], [""Switzerland"", ""related_to"", ""international_trade_dynamics""], [""Switzerland"", ""established_relationships_with"", ""European_Union""], [""Switzerland"", ""established_relationships_with"", ""China""], [""European_Union"", ""influential_player_in"", ""global_commerce""], [""China"", ""influential_player_in"", ""global_economics""]]"
9,"The investigation, which has an impact on Tesla Inc., is related to Congress, highlighting its broader significance. Robert Swan plays a pivotal role in controlling this investigation, as well as overseeing the Community involved in it. This web of interactions underscores the complexity of the situation and the significant influence Robert Swan holds within this context.","[[""investigation"", ""impact_on"", ""Tesla_Inc.""], [""investigation"", ""related_to"", ""Congress""], [""Robert_Swan"", ""controls"", ""investigation""], [""Robert_Swan"", ""oversees"", ""Community""], [""Robert_Swan"", ""plays_pivotal_role_in"", ""investigation""], [""investigation"", ""involves"", ""Community""], [""Robert_Swan"", ""holds_influence_in"", ""context""]]","Steve Penny has control over an investigation as well as the Community, guiding the direction and development of both. This investigation impacts Tesla Inc., shedding light on potential influences or outcomes related to the company. Furthermore, the investigation is related to the Military, suggesting broader implications that may affect both sectors.","[[""Steve_Penny"", ""controls"", ""investigation""], [""Steve_Penny"", ""controls"", ""Community""], [""Steve_Penny"", ""guides"", ""investigation""], [""Steve_Penny"", ""guides"", ""Community""], [""investigation"", ""impact_on"", ""Tesla_Inc.""], [""investigation"", ""related_to"", ""Military""], [""investigation"", ""sheds_light_on"", ""potential_influences_or_outcomes""], [""potential_influences_or_outcomes"", ""related_to"", ""Tesla_Inc.""]]"
10,"The American Federation of Government Employees significantly impacts Federal Workers through its various activities and advocacy. This organization operates within the framework of the US Government, influencing policies and practices that affect the working conditions and benefits of Federal Workers. Additionally, the American Federation of Government Employees has a strong relation to Paychecks, as it actively engages in matters concerning the remuneration and financial welfare of those under its representation.","[[""American_Federation_of_Government_Employees"", ""impacts"", ""Federal_Workers""], [""American_Federation_of_Government_Employees"", ""operates_within"", ""US_Government""], [""American_Federation_of_Government_Employees"", ""influences"", ""policies""], [""American_Federation_of_Government_Employees"", ""influences"", ""practices""], [""policies"", ""affect"", ""working_conditions""], [""practices"", ""affect"", ""working_conditions""], [""policies"", ""affect"", ""benefits""], [""practices"", ""affect"", ""benefits""], [""American_Federation_of_Government_Employees"", ""related_to"", ""Paychecks""], [""American_Federation_of_Government_Employees"", ""engages_in"", ""remuneration""], [""American_Federation_of_Government_Employees"", ""engages_in"", ""financial_welfare""], [""American_Federation_of_Government_Employees"", ""represents"", ""Federal_Workers""]]","The American Federation of Government Employees has a significant impact on federal workers, influencing various aspects of their professional lives and working conditions.","[[""American_Federation_of_Government_Employees"", ""impacts"", ""federal_workers""], [""American_Federation_of_Government_Employees"", ""influences"", ""professional_lives""], [""American_Federation_of_Government_Employees"", ""influences"", ""working_conditions""]]"
11,"Jeff Van Drew has a notable impact on Pelosi and the broader group of House Democrats, influencing political dynamics within the legislative process. Pelosi, a key figure in the U.S. Congress, has operational influence there, directing significant actions such as controlling the response to a government shutdown. Her political maneuvers and decisions often relate to Donald Trump, reflecting the interconnected nature of their political spheres.","[[""Jeff_Van_Drew"", ""has_impact_on"", ""Pelosi""], [""Jeff_Van_Drew"", ""has_impact_on"", ""House_Democrats""], [""Pelosi"", ""key_figure_in"", ""U.S._Congress""], [""Pelosi"", ""has_operational_influence_in"", ""U.S._Congress""], [""Pelosi"", ""directs"", ""significant_actions""], [""significant_actions"", ""include"", ""controlling_response_to_government_shutdown""], [""Pelosi"", ""related_to"", ""Donald_Trump""], [""political_manuevers"", ""made_by"", ""Pelosi""], [""political_manuevers"", ""relate_to"", ""Donald_Trump""], [""Pelosi"", ""makes"", ""political_decisions""], [""political_decisions"", ""relate_to"", ""Donald_Trump""]]","Jeff Van Drew has a significant impact on both Pelosi and House Democrats. Pelosi, who operates in the U.S. Congress, plays a notable role in the political landscape and has a relationship with Donald Trump. Additionally, Pelosi has the authority to control events such as government shutdowns.","[[""Jeff_Van_Drew"", ""has_impact_on"", ""Pelosi""], [""Jeff_Van_Drew"", ""has_impact_on"", ""House_Democrats""], [""Pelosi"", ""operates_in"", ""U.S._Congress""], [""Pelosi"", ""plays_notable_role_in"", ""political_landscape""], [""Pelosi"", ""has_relationship_with"", ""Donald_Trump""], [""Pelosi"", ""has_authority_to_control"", ""events""], [""events"", ""include"", ""government_shutdowns""]]"
12,"Europe plays a significant role in impacting Apple Inc., showing its economic influence on major corporations. As a participant in the dynamics of global inflation, Europe contributes to international economic conditions. Additionally, there is a connection between Europe and New Zealand, suggesting intertwined geopolitical or economic interests. The European Council operates within Europe and controls the European Union, guiding policies and decisions that affect the region. The European Council is also related to Jens Weidmann, indicating potential collaboration or influence in financial leadership within Europe.","[[""Europe"", ""impacts"", ""Apple_Inc.""], [""Europe"", ""contributes_to"", ""international_economic_conditions""], [""Europe"", ""connected_to"", ""New_Zealand""], [""European_Council"", ""operates_in"", ""Europe""], [""European_Council"", ""controls"", ""European_Union""], [""European_Council"", ""guides"", ""policies_and_decisions_in_Europe""], [""European_Council"", ""related_to"", ""Jens_Weidmann""], [""Jens_Weidmann"", ""potential_collaboration_with"", ""European_Council""], [""Europe"", ""influences"", ""global_inflation""]]","Europe has a substantial impact on Apple Inc., influencing its business operations and strategic decisions within the continent. Additionally, Europe actively participates in the analysis and implications of U.S. Employment Data, which is vital to global economic assessments. There is an intricate relationship between Europe and New Zealand, highlighting trade and political connections across the global landscape. The European Council operates within Europe, playing a crucial role in the administrative and political functions of the region. It connects closely with investors, emphasizing its influence on investment decisions and economic policies. Moreover, the European Council controls the European Union, directing policy measures and regulatory frameworks that affect member countries.","[[""Europe"", ""impacts"", ""Apple_Inc.""], [""Europe"", ""influences"", ""business_operations_of_Apple_Inc.""], [""Europe"", ""participates_in"", ""analysis_of_U.S._Employment_Data""], [""Europe"", ""connected_to"", ""New_Zealand""], [""European_Council"", ""operates_in"", ""Europe""], [""European_Council"", ""controls"", ""European_Union""], [""European_Council"", ""directs"", ""policy_measures_in_European_Union""], [""European_Council"", ""influences"", ""investment_decisions""], [""European_Council"", ""connects_with"", ""investors""], [""U.S._Employment_Data"", ""vital_to"", ""global_economic_assessments""], [""Europe"", ""affects"", ""regulatory_frameworks_in_European_Union""]]"
13,"Sam Brownback is related to the US Government and has connections with topics concerning religious freedom. Additionally, his associations extend to the Saudi Government, highlighting his involvement in matters that bridge these entities and subjects.","[[""Sam_Brownback"", ""related_to"", ""US_Government""], [""Sam_Brownback"", ""connected_to"", ""topics_concerning_religious_freedom""], [""Sam_Brownback"", ""associated_with"", ""Saudi_Government""], [""US_Government"", ""related_to"", ""Sam_Brownback""], [""Saudi_Government"", ""associated_with"", ""Sam_Brownback""], [""topics_concerning_religious_freedom"", ""connected_to"", ""Sam_Brownback""]]","Sam Brownback has a connection with the US Government, and his work is also related to the advocacy and promotion of religious freedom.","[[""Sam_Brownback"", ""connected_to"", ""US_Government""], [""Sam_Brownback"", ""work_related_to"", ""advocacy_of_religious_freedom""], [""Sam_Brownback"", ""work_related_to"", ""promotion_of_religious_freedom""], [""US_Government"", ""connected_to"", ""Sam_Brownback""], [""advocacy_of_religious_freedom"", ""work_of"", ""Sam_Brownback""], [""promotion_of_religious_freedom"", ""work_of"", ""Sam_Brownback""]]"
14,"Monetary policy has a significant impact on both unemployment and U.S. stocks, and it is intricately related to the broader economic conditions. The financial sector also plays a crucial role in shaping the dynamics of the stock market. Mark Carney's expertise is closely associated with both inflation and the implementation of monetary policies, and he plays a pivotal role in controlling the financial sector. Inflation, in turn, exerts a negative impact on bond yield while also affecting producer prices.","[[""Monetary_policy"", ""impact_on"", ""unemployment""], [""Monetary_policy"", ""impact_on"", ""U.S._stocks""], [""Monetary_policy"", ""related_to"", ""broader_economic_conditions""], [""Financial_sector"", ""role_in"", ""stock_market""], [""Mark_Carney"", ""expertise_in"", ""inflation""], [""Mark_Carney"", ""expertise_in"", ""monetary_policies""], [""Mark_Carney"", ""role_in"", ""financial_sector""], [""Inflation"", ""impact_on"", ""bond_yield""], [""Inflation"", ""impact_on"", ""producer_prices""]]","Monetary policy plays a significant role in influencing unemployment and U.S. stocks, as well as having a broader relationship with general economic conditions. Mark Carney exerts control over the financial sector, which in turn impacts the stock market. In the realm of inflation, it has a negative impact on bond yield, while also affecting producer prices.","[[""Monetary_policy"", ""role_in"", ""unemployment""], [""Monetary_policy"", ""role_in"", ""U.S._stocks""], [""Monetary_policy"", ""related_to"", ""general_economic_conditions""], [""Mark_Carney"", ""control_over"", ""financial_sector""], [""Financial_sector"", ""impact_on"", ""stock_market""], [""Inflation"", ""impact_on"", ""bond_yield""], [""Inflation"", ""impact_on"", ""producer_prices""]]"
15,"Phil Flynn, a member of Price Futures, is closely related to the dynamics of oil prices. These oil prices have a significant impact on Gary Cohn and U.S. stocks, while also exerting a negative influence on investor confidence. This interconnectedness illustrates the broader economic implications and market sensitivities tied to fluctuations in oil prices.","[[""Phil_Flynn"", ""member_of"", ""Price_Futures""], [""Phil_Flynn"", ""related_to"", ""dynamics_of_oil_prices""], [""oil_prices"", ""impact_on"", ""Gary_Cohn""], [""oil_prices"", ""impact_on"", ""U.S._stocks""], [""oil_prices"", ""influence_on"", ""investor_confidence""], [""oil_prices"", ""influence_on"", ""investor_confidence""], [""investor_confidence"", ""affected_by"", ""oil_prices""], [""oil_prices"", ""related_to"", ""broader_economic_implications""], [""oil_prices"", ""related_to"", ""market_sensitivities""]]","Oil prices have an impact on Gary Cohn, who is a prominent figure likely involved in economic policy or financial markets.","[[""oil_prices"", ""impact_on"", ""Gary_Cohn""], [""Gary_Cohn"", ""involved_in"", ""economic_policy""], [""Gary_Cohn"", ""involved_in"", ""financial_markets""]]"
16,"Bloomberg has announced an investigation while simultaneously introducing new campaign staff, demonstrating its dynamic involvement in various initiatives. On a related note, ICE controls detention centers and is connected to both Bloomberg and the London Stock Exchange, highlighting its wide sphere of influence. The London Stock Exchange has taken steps to introduce Refinitiv Holdings Ltd., thereby strengthening its position within the finance sector. Furthermore, the Exchange, which operates primarily in the finance sector, maintains a relationship with the city of Shanghai, showcasing its global reach and strategic influence.","[[""Bloomberg"", ""announced"", ""investigation""], [""Bloomberg"", ""introducing"", ""new_campaign_staff""], [""Bloomberg"", ""demonstrates_involvement_in"", ""various_initiatives""], [""ICE"", ""controls"", ""detention_centers""], [""ICE"", ""connected_to"", ""Bloomberg""], [""ICE"", ""connected_to"", ""London_Stock_Exchange""], [""London_Stock_Exchange"", ""introduce"", ""Refinitiv_Holdings_Ltd""], [""London_Stock_Exchange"", ""operates_in"", ""finance_sector""], [""London_Stock_Exchange"", ""maintains_relationship_with"", ""Shanghai""], [""London_Stock_Exchange"", ""strengthens_position_in"", ""finance_sector""]]","Bloomberg has announced an investigation and introduced Campaign Staff, showcasing its active role in current affairs. ICE, which controls Detention Centers, is related to both Bloomberg and the London Stock Exchange. The London Stock Exchange has introduced Refinitiv Holdings Ltd., strengthening its position in the Finance Sector where it operates. Furthermore, the London Stock Exchange is related to the city of Shanghai, indicating global connections in financial markets.","[[""Bloomberg"", ""announced"", ""investigation""], [""Bloomberg"", ""introduced"", ""Campaign_Staff""], [""Bloomberg"", ""showcases_role_in"", ""current_affairs""], [""ICE"", ""controls"", ""Detention_Centers""], [""ICE"", ""related_to"", ""Bloomberg""], [""ICE"", ""related_to"", ""London_Stock_Exchange""], [""London_Stock_Exchange"", ""introduced"", ""Refinitiv_Holdings_Ltd""], [""London_Stock_Exchange"", ""operates_in"", ""Finance_Sector""], [""London_Stock_Exchange"", ""related_to"", ""Shanghai""], [""London_Stock_Exchange"", ""strengthens_position_in"", ""Finance_Sector""]]"
17,"Gross Domestic Product relates to economic growth and has a positive impact on the US Economy. It also impacts the global economy. In Ethiopia, there is a connection to the opposition, while the country operates in the aviation industry. Additionally, Ethiopia aims to raise its Gross Domestic Product.","[[""Gross_Domestic_Product"", ""relates_to"", ""economic_growth""], [""Gross_Domestic_Product"", ""has_positive_impact_on"", ""US_Economy""], [""Gross_Domestic_Product"", ""impacts"", ""global_economy""], [""Ethiopia"", ""connected_to"", ""opposition""], [""Ethiopia"", ""operates_in"", ""aviation_industry""], [""Ethiopia"", ""aims_to_raise"", ""Gross_Domestic_Product""]]","Gross Domestic Product relates to economic growth and has a positive impact on the US economy. Additionally, Gross Domestic Product impacts the global economy. In Ethiopia, the country operates in the aviation industry and has a connection to the opposition. Furthermore, Ethiopia raises its Gross Domestic Product, emphasizing its efforts to enhance economic performance.","[[""Gross_Domestic_Product"", ""relates_to"", ""economic_growth""], [""Gross_Domestic_Product"", ""has_positive_impact_on"", ""US_economy""], [""Gross_Domestic_Product"", ""impacts"", ""global_economy""], [""Ethiopia"", ""operates_in"", ""aviation_industry""], [""Ethiopia"", ""connected_to"", ""opposition""], [""Ethiopia"", ""raises"", ""Gross_Domestic_Product""], [""Ethiopia"", ""emphasizes_efforts_to"", ""enhance_economic_performance""]]"
18,"The Gold Price relates to Barrick Gold Corp., indicating a connection between the value of gold and the performance of this mining company. The Federal-funds Rate impacts the economy and has several connections with risky assets and economic conditions. Furthermore, the economy is related to inflation, and it also significantly impacts small businesses and the Gold Price. These relationships illustrate how these economic factors influence each other in a broader financial context.","[[""Gold_Price"", ""relates_to"", ""Barrick_Gold_Corp""], [""Federal-funds_Rate"", ""impacts"", ""economy""], [""Federal-funds_Rate"", ""connects_with"", ""risky_assets""], [""Federal-funds_Rate"", ""connects_with"", ""economic_conditions""], [""economy"", ""relates_to"", ""inflation""], [""economy"", ""impacts"", ""small_businesses""], [""economy"", ""impacts"", ""Gold_Price""], [""Gold_Price"", ""influenced_by"", ""economy""]]","The Gold Price relates to Barrick Gold Corp., indicating a connection between gold market trends and this mining company. Additionally, the Federal-funds Rate impacts the economy while also relating to risky assets and economic conditions. As the economy changes, it has a relationship with inflation and simultaneously impacts small businesses. Notably, the economy’s fluctuations also influence the Gold Price, highlighting the interconnectedness of these financial elements.","[[""Gold_Price"", ""relates_to"", ""Barrick_Gold_Corp""], [""Federal-funds_Rate"", ""impacts"", ""economy""], [""Federal-funds_Rate"", ""relates_to"", ""risky_assets""], [""Federal-funds_Rate"", ""relates_to"", ""economic_conditions""], [""economy"", ""relates_to"", ""inflation""], [""economy"", ""impacts"", ""small_businesses""], [""economy"", ""influences"", ""Gold_Price""]]"
19,The Independent Democratic Conference controls the New York state Senate and has a relationship with Gov. Andrew Cuomo. This political entity also has a negative impact on the GOP.,"[[""Independent_Democratic_Conference"", ""controls"", ""New_York_state_Senate""], [""Independent_Democratic_Conference"", ""has_relationship_with"", ""Andrew_Cuomo""], [""Independent_Democratic_Conference"", ""has_negative_impact_on"", ""GOP""]]","The Independent Democratic Conference controls the New York state Senate and has a relationship with Gov. Andrew Cuomo. Additionally, the Independent Democratic Conference has a negative impact on the GOP.","[[""Independent_Democratic_Conference"", ""controls"", ""New_York_state_Senate""], [""Independent_Democratic_Conference"", ""has_relationship_with"", ""Andrew_Cuomo""], [""Independent_Democratic_Conference"", ""has_negative_impact_on"", ""GOP""]]"
20,"The White House National Economic Council is closely related to Lawrence Kudlow, who has had an impact on trade policies through his influence and expertise. The council is responsible for producing pivotal figures such as Gary Cohn, contributing to policy directions and economic strategies. Additionally, the White House National Economic Council operates within the realm of financial regulatory policy, shaping the frameworks and guidelines that govern the financial landscape.","[[""White_House_National_Economic_Council"", ""closely_related_to"", ""Lawrence_Kudlow""], [""Lawrence_Kudlow"", ""had_impact_on"", ""trade_policies""], [""Lawrence_Kudlow"", ""has"", ""influence""], [""Lawrence_Kudlow"", ""has"", ""expertise""], [""White_House_National_Economic_Council"", ""responsible_for_producing"", ""Gary_Cohn""], [""Gary_Cohn"", ""contributed_to"", ""policy_directions""], [""Gary_Cohn"", ""contributed_to"", ""economic_strategies""], [""White_House_National_Economic_Council"", ""operates_within"", ""financial_regulatory_policy""], [""White_House_National_Economic_Council"", ""shapes"", ""frameworks""], [""White_House_National_Economic_Council"", ""shapes"", ""guidelines""], [""frameworks"", ""govern"", ""financial_landscape""], [""guidelines"", ""govern"", ""financial_landscape""]]","The White House National Economic Council plays a pivotal role in producing influential economic figures, including Gary Cohn, by offering strategic guidance and expertise in national economic affairs. Gary Cohn's association with the council underscores the importance of this organization in shaping leadership within the realm of economic policy.","[[""White_House_National_Economic_Council"", ""plays_pivotal_role_in"", ""producing_influential_economic_figures""], [""White_House_National_Economic_Council"", ""offers"", ""strategic_guidance""], [""White_House_National_Economic_Council"", ""offers"", ""expertise""], [""White_House_National_Economic_Council"", ""produces"", ""Gary_Cohn""], [""Gary_Cohn"", ""associated_with"", ""White_House_National_Economic_Council""], [""White_House_National_Economic_Council"", ""shapes"", ""leadership""], [""leadership"", ""within"", ""realm_of_economic_policy""], [""White_House_National_Economic_Council"", ""important_for"", ""shaping_leadership""], [""shaping_leadership"", ""within"", ""realm_of_economic_policy""]]"
21,"The economy relates to economic mobility and impacts both private-equity and the gold price. House prices, which relate to homeowners and interest rates, experience a decrease that subsequently affects consumer spending. Inflation is connected to the monetary easing program and has an impact on Fed policy. GDP growth influences the economy and is related to both inflation and house prices.","[[""economy"", ""relates_to"", ""economic_mobility""], [""economy"", ""impacts"", ""private-equity""], [""economy"", ""impacts"", ""gold_price""], [""house_prices"", ""relates_to"", ""homeowners""], [""house_prices"", ""relates_to"", ""interest_rates""], [""house_prices"", ""experiences"", ""decrease""], [""decrease"", ""affects"", ""consumer_spending""], [""inflation"", ""connected_to"", ""monetary_easing_program""], [""inflation"", ""impacts"", ""Fed_policy""], [""GDP_growth"", ""influences"", ""economy""], [""GDP_growth"", ""related_to"", ""inflation""], [""GDP_growth"", ""related_to"", ""house_prices""]]","Positive impact relates to emissions and has a significant impact on various financial elements, including private-equity and Chinese depositary receipts. Additionally, cooperation is related to Alejandro Giammattei and is characterized by a decrease in consumer spending while also relating to interest rates. Inflation has a connection to peace efforts and impacts Fed policy, while GDP growth significantly impacts positive impact. Furthermore, GDP growth relates to both inflation and cooperation, indicating a complex interrelationship among these economic factors.","[[""positive_impact"", ""relates_to"", ""emissions""], [""positive_impact"", ""impacts"", ""private-equity""], [""positive_impact"", ""impacts"", ""Chinese_depositary_receipts""], [""positive_impact"", ""impacts"", ""financial_elements""], [""cooperation"", ""relates_to"", ""Alejandro_Giammattei""], [""cooperation"", ""characterized_by"", ""decrease_in_consumer_spending""], [""cooperation"", ""relates_to"", ""interest_rates""], [""inflation"", ""connected_to"", ""peace_efforts""], [""inflation"", ""impacts"", ""Fed_policy""], [""GDP_growth"", ""impacts"", ""positive_impact""], [""GDP_growth"", ""relates_to"", ""inflation""], [""GDP_growth"", ""relates_to"", ""cooperation""]]"
22,"Elon Musk, under the regulatory control of the U.S. Securities and Exchange Commission (SEC), has a dual impact on the financial landscape. While Musk exerts control over investors, his influence presents a negative impact on the Consumer Confidence Index. Meanwhile, technology companies, which also fall under the regulatory control of the SEC, have significant connections to corporate earnings and consumer products. These companies further influence the broader economic picture by impacting the housing crisis. The SEC not only controls these technology companies and Elon Musk but also extends its regulatory oversight to institutions like Danske Bank.","[[""Elon_Musk"", ""under_regulatory_control_of"", ""U.S._Securities_and_Exchange_Commission""], [""Elon_Musk"", ""exerts_control_over"", ""investors""], [""Elon_Musk"", ""has_impact_on"", ""Consumer_Confidence_Index""], [""Elon_Musk"", ""has_negative_impact_on"", ""Consumer_Confidence_Index""], [""technology_companies"", ""under_regulatory_control_of"", ""U.S._Securities_and_Exchange_Commission""], [""technology_companies"", ""have_connections_to"", ""corporate_earnings""], [""technology_companies"", ""have_connections_to"", ""consumer_products""], [""technology_companies"", ""influence"", ""broader_economic_picture""], [""technology_companies"", ""impact"", ""housing_crisis""], [""U.S._Securities_and_Exchange_Commission"", ""controls"", ""technology_companies""], [""U.S._Securities_and_Exchange_Commission"", ""controls"", ""Elon_Musk""], [""U.S._Securities_and_Exchange_Commission"", ""extends_regulatory_oversight_to"", ""Danske_Bank""]]","Elon Musk, despite controlling investors, has a negative impact on the Consumer Confidence Index. At the same time, technology companies have a significant influence on the housing crisis, and they are intrinsically related to corporate earnings as well as consumer products. The U.S. Securities and Exchange Commission exercises regulatory control over technology companies, Elon Musk, and Danske Bank, playing a crucial role in maintaining stability within these entities and their operations.","[[""Elon_Musk"", ""controls"", ""investors""], [""Elon_Musk"", ""has_negative_impact_on"", ""Consumer_Confidence_Index""], [""technology_companies"", ""have_influence_on"", ""housing_crisis""], [""technology_companies"", ""related_to"", ""corporate_earnings""], [""technology_companies"", ""related_to"", ""consumer_products""], [""U.S._Securities_and_Exchange_Commission"", ""exercises_regulatory_control_over"", ""technology_companies""], [""U.S._Securities_and_Exchange_Commission"", ""exercises_regulatory_control_over"", ""Elon_Musk""], [""U.S._Securities_and_Exchange_Commission"", ""exercises_regulatory_control_over"", ""Danske_Bank""], [""U.S._Securities_and_Exchange_Commission"", ""maintains_stability_within"", ""technology_companies""], [""U.S._Securities_and_Exchange_Commission"", ""maintains_stability_within"", ""Elon_Musk""], [""U.S._Securities_and_Exchange_Commission"", ""maintains_stability_within"", ""Danske_Bank""]]"
23,"The U.S. Economy significantly impacts various facets of the financial world, including oil prices, tariffs, and government-bond prices. Tariffs, influenced by the U.S. Economy, affect Asian Markets and also have a positive impact on Vietnam while shifting consumer confidence. Treasury Bonds play a crucial role by raising real interest rates and connecting to U.S. government debt. Moreover, U.S. Government Bond Yields exert a positive influence on investor appetite, and they impact both Treasury Bonds and the broader U.S. Economy, intertwining these elements in the complex dynamics of the financial system.","[[""U.S._Economy"", ""impacts"", ""oil_prices""], [""U.S._Economy"", ""impacts"", ""tariffs""], [""U.S._Economy"", ""impacts"", ""government-bond_prices""], [""tariffs"", ""influenced_by"", ""U.S._Economy""], [""tariffs"", ""affect"", ""Asian_Markets""], [""tariffs"", ""impact"", ""Vietnam""], [""tariffs"", ""shift"", ""consumer_confidence""], [""Treasury_Bonds"", ""raise"", ""real_interest_rates""], [""Treasury_Bonds"", ""connect_to"", ""U.S._government_debt""], [""U.S._Government_Bond_Yields"", ""influence"", ""investor_appetite""], [""U.S._Government_Bond_Yields"", ""impact"", ""Treasury_Bonds""], [""U.S._Government_Bond_Yields"", ""impact"", ""U.S._Economy""]]","The U.S. Economy exerts significant influence by impacting oil prices, tariffs, and government-bond prices. Tariffs, in turn, affect Asian markets, have a positive impact on Vietnam, and influence consumer confidence. Treasury Bonds, intertwined with U.S. government debt, contribute to raising real interest rates. Furthermore, U.S. Government Bond Yields have a positive impact on investor appetite and influence the dynamics of Treasury Bonds. These yields also play a role in impacting the U.S. Economy itself, illustrating a complex interplay within these economic elements.","[[""U.S._Economy"", ""impacts"", ""oil_prices""], [""U.S._Economy"", ""impacts"", ""tariffs""], [""U.S._Economy"", ""impacts"", ""government-bond_prices""], [""tariffs"", ""affected_by"", ""U.S._Economy""], [""tariffs"", ""affect"", ""Asian_markets""], [""tariffs"", ""have_positive_impact_on"", ""Vietnam""], [""tariffs"", ""influence"", ""consumer_confidence""], [""Treasury_Bonds"", ""contribute_to"", ""raising_real_interest_rates""], [""Treasury_Bonds"", ""intertwined_with"", ""U.S._government_debt""], [""U.S._Government_Bond_Yields"", ""have_positive_impact_on"", ""investor_appetite""], [""U.S._Government_Bond_Yields"", ""influence"", ""Treasury_Bonds""], [""U.S._Government_Bond_Yields"", ""impact"", ""U.S._Economy""]]"
24,"Poland maintains important connections with both the United States and the North Atlantic Treaty Organization, reflecting geopolitical and strategic relationships. Within Poland, the Law and Justice party operates as a significant political entity, controlling policies such as the retirement age. This party also has associations with nationalism, influencing its ideological and policy directions.","[[""Poland"", ""maintains_connections_with"", ""United_States""], [""Poland"", ""maintains_connections_with"", ""North_Atlantic_Treaty_Organization""], [""Poland"", ""has_geopolitical_relationships_with"", ""United_States""], [""Poland"", ""has_geopolitical_relationships_with"", ""North_Atlantic_Treaty_Organization""], [""Poland"", ""has_strategic_relationships_with"", ""United_States""], [""Poland"", ""has_strategic_relationships_with"", ""North_Atlantic_Treaty_Organization""], [""Law_and_Justice_party"", ""operates_in"", ""Poland""], [""Law_and_Justice_party"", ""controls"", ""policies""], [""Law_and_Justice_party"", ""associated_with"", ""nationalism""], [""Law_and_Justice_party"", ""influences"", ""ideological_directions""], [""Law_and_Justice_party"", ""influences"", ""policy_directions""], [""Law_and_Justice_party"", ""controls"", ""retirement_age""]]","Poland maintains a relationship with both the United States and the North Atlantic Treaty Organization, underscoring its geopolitical and economic connections to these entities. Meanwhile, on the domestic front, the Law and Justice party operates within Poland, influencing the country's political landscape and policies in alignment with its relationships on the international stage.","[[""Poland"", ""maintains_relationship_with"", ""United_States""], [""Poland"", ""maintains_relationship_with"", ""North_Atlantic_Treaty_Organization""], [""Poland"", ""has_geopolitical_connections_to"", ""United_States""], [""Poland"", ""has_geopolitical_connections_to"", ""North_Atlantic_Treaty_Organization""], [""Poland"", ""has_economic_connections_to"", ""United_States""], [""Poland"", ""has_economic_connections_to"", ""North_Atlantic_Treaty_Organization""], [""Law_and_Justice_party"", ""operates_within"", ""Poland""], [""Law_and_Justice_party"", ""influences"", ""Poland""], [""Law_and_Justice_party"", ""influences"", ""political_landscape""], [""Law_and_Justice_party"", ""aligns_policies_with"", ""international_relationships""]]"
25,"Justice Brett Kavanaugh is associated with several individuals and entities, including George Bush, Christine Blasey Ford, and the judiciary. Similarly, Andrew McCabe has connections to the Federal Bureau of Investigation, Hillary Clinton, and the United States. A subpoena, which is a legal document, is linked to the context of an impeachment inquiry. The New York Times has made announcements regarding key figures and events, such as publishing information about Andrew McCabe, the issuance of a subpoena, and news concerning Justice Brett Kavanaugh.","[[""Justice_Brett_Kavanaugh"", ""associated_with"", ""George_Bush""], [""Justice_Brett_Kavanaugh"", ""associated_with"", ""Christine_Blasey_Ford""], [""Justice_Brett_Kavanaugh"", ""associated_with"", ""judiciary""], [""Andrew_McCabe"", ""connected_to"", ""Federal_Bureau_of_Investigation""], [""Andrew_McCabe"", ""connected_to"", ""Hillary_Clinton""], [""Andrew_McCabe"", ""connected_to"", ""United_States""], [""subpoena"", ""is"", ""legal_document""], [""subpoena"", ""linked_to"", ""impeachment_inquiry""], [""The_New_York_Times"", ""published_information_about"", ""Andrew_McCabe""], [""The_New_York_Times"", ""published_information_about"", ""issuance_of_subpoena""], [""The_New_York_Times"", ""published_information_about"", ""Justice_Brett_Kavanaugh""]]","Justice Brett Kavanaugh has connections to George Bush, Christine Blasey Ford, and the Judiciary, highlighting his involvement in significant political and legal spheres. The New York Times announced matters involving Justice Brett Kavanaugh, Andrew McCabe, and the issuance of a subpoena, showing its role in reporting major legal proceedings and inquiries. The subpoena is connected to an impeachment inquiry, which signifies its importance in significant legal processes. Andrew McCabe is related to the Federal Bureau of Investigation, Hillary Clinton, and the broader context of the United States, indicating his prominence in national affairs.","[[""Justice_Brett_Kavanaugh"", ""connected_to"", ""George_Bush""], [""Justice_Brett_Kavanaugh"", ""connected_to"", ""Christine_Blasey_Ford""], [""Justice_Brett_Kavanaugh"", ""connected_to"", ""Judiciary""], [""Justice_Brett_Kavanaugh"", ""involved_in"", ""political_spheres""], [""Justice_Brett_Kavanaugh"", ""involved_in"", ""legal_spheres""], [""The_New_York_Times"", ""announced_matters_involving"", ""Justice_Brett_Kavanaugh""], [""The_New_York_Times"", ""announced_matters_involving"", ""Andrew_McCabe""], [""The_New_York_Times"", ""announced_matters_involving"", ""issuance_of_subpoena""], [""subpoena"", ""connected_to"", ""impeachment_inquiry""], [""subpoena"", ""important_in"", ""legal_processes""], [""Andrew_McCabe"", ""related_to"", ""Federal_Bureau_of_Investigation""], [""Andrew_McCabe"", ""related_to"", ""Hillary_Clinton""], [""Andrew_McCabe"", ""related_to"", ""United_States""], [""Andrew_McCabe"", ""prominent_in"", ""national_affairs""]]"
26,"The United States Senate has a pivotal role in legislative processes and has the authority to control bills, which may impact regions such as Hong Kong, depending on their content and implications. Moreover, the Senate is related to the Democratic Party, influencing its activities and decisions. Additionally, the Senate has a connection to Michael Pompeo, likely in terms of policy discussions or confirmations in his roles, demonstrating its multifaceted involvement in political matters.","[[""United_States_Senate"", ""has_role_in"", ""legislative_processes""], [""United_States_Senate"", ""has_authority_to_control"", ""bills""], [""bills"", ""may_impact"", ""Hong_Kong""], [""United_States_Senate"", ""related_to"", ""Democratic_Party""], [""United_States_Senate"", ""influences"", ""Democratic_Party""], [""Democratic_Party"", ""influenced_by"", ""United_States_Senate""], [""United_States_Senate"", ""connected_to"", ""Michael_Pompeo""], [""United_States_Senate"", ""involved_in"", ""policy_discussions""], [""United_States_Senate"", ""involved_in"", ""confirmations""]]","The United States Senate is related to Michael Pompeo, reflecting a connection that may involve legislative oversight, confirmation processes, or collaborative discussions on matters of national and international policy.","[[""United_States_Senate"", ""related_to"", ""Michael_Pompeo""], [""United_States_Senate"", ""involved_in"", ""legislative_oversight""], [""United_States_Senate"", ""involved_in"", ""confirmation_processes""], [""United_States_Senate"", ""involved_in"", ""collaborative_discussions""], [""collaborative_discussions"", ""concern"", ""national_policy""], [""collaborative_discussions"", ""concern"", ""international_policy""]]"
27,"The Hong Kong protests have had a negative impact on China and have significantly influenced the legislature in Hong Kong. These protests are closely related to the Chinese government, affecting various aspects of its governance. The legislature, influenced by the protests, plays a controlling role in shaping bills that respond to the political climate stirred by these demonstrations.","[[""Hong_Kong_protests"", ""had_negative_impact_on"", ""China""], [""Hong_Kong_protests"", ""influenced"", ""legislature_in_Hong_Kong""], [""legislature_in_Hong_Kong"", ""plays_controlling_role_in"", ""shaping_bills""], [""shaping_bills"", ""responds_to"", ""political_climate""], [""political_climate"", ""stirred_by"", ""Hong_Kong_protests""], [""Hong_Kong_protests"", ""closely_related_to"", ""Chinese_government""], [""Chinese_government"", ""affects"", ""governance""], [""Hong_Kong_protests"", ""affects"", ""governance""]]","The Hong Kong protests had a negative impact on China, affecting various aspects of its society and governance. These protests have influenced the local Legislature, leading to significant repercussions on legislative processes and decisions. They are related to the actions and policies of the Chinese government, highlighting the complex interplay between civic dissent and governmental control. Furthermore, the Legislature plays a crucial role in controlling bills, determining the legislative future amid ongoing protest movements.","[[""Hong_Kong_protests"", ""had_negative_impact_on"", ""China""], [""Hong_Kong_protests"", ""influenced"", ""local_Legislature""], [""local_Legislature"", ""experiences"", ""significant_repercussions""], [""significant_repercussions"", ""on"", ""legislative_processes""], [""significant_repercussions"", ""on"", ""decisions""], [""Hong_Kong_protests"", ""related_to"", ""actions_of_Chinese_government""], [""Hong_Kong_protests"", ""related_to"", ""policies_of_Chinese_government""], [""Chinese_government"", ""exercises"", ""governmental_control""], [""Hong_Kong_protests"", ""highlights"", ""interplay_between_civic_dissent_and_governmental_control""], [""local_Legislature"", ""plays_crucial_role_in"", ""controlling_bills""], [""controlling_bills"", ""determines"", ""legislative_future""], [""legislative_future"", ""amid"", ""ongoing_protest_movements""]]"
28,"MS-13 is a gang that is intricately connected to both gang violence and organized crime. It is known to operate in El Salvador, where its activities are a significant part of the country's crime landscape.","[[""MS-13"", ""connected_to"", ""gang_violence""], [""MS-13"", ""connected_to"", ""organized_crime""], [""MS-13"", ""operates_in"", ""El_Salvador""], [""MS-13"", ""part_of"", ""crime_landscape_of_El_Salvador""]]","MS-13, a notorious group, has significant connections to both gang violence and organized crime. This group is known to primarily operate in El Salvador, where its activities are deeply intertwined with these issues.","[[""MS-13"", ""connected_to"", ""gang_violence""], [""MS-13"", ""connected_to"", ""organized_crime""], [""MS-13"", ""operates_in"", ""El_Salvador""], [""MS-13"", ""intertwined_with"", ""crime_issues_in_El_Salvador""]]"
29,"Macro Ventures raises capital for Wild Earth Inc., which has introduced Meatless Dog Food to the market. In addition to this innovative product, Wild Earth Inc. relates to the concept of safety and is also a member of Felicis Ventures, indicating its involvement in a broader investment community that may support its mission and values.","[[""Macro_Ventures"", ""raises_capital_for"", ""Wild_Earth_Inc""], [""Wild_Earth_Inc"", ""introduced"", ""Meatless_Dog_Food""], [""Wild_Earth_Inc"", ""relates_to"", ""safety""], [""Wild_Earth_Inc"", ""member_of"", ""Felicis_Ventures""]]","Macro Ventures has decided to decrease its investment in Wild Earth Inc., a company that recently introduced a new product: Meatless Dog Food. This innovative offering from Wild Earth Inc. is also related to the concept of Safety, indicating a focus on health-conscious pet food options. Furthermore, Wild Earth Inc. is a member of Felicis Ventures, which may support its initiatives and growth in the market.","[[""Macro_Ventures"", ""decrease_investment_in"", ""Wild_Earth_Inc""], [""Wild_Earth_Inc"", ""introduced"", ""Meatless_Dog_Food""], [""Meatless_Dog_Food"", ""related_to"", ""Safety""], [""Wild_Earth_Inc"", ""member_of"", ""Felicis_Ventures""], [""Felicis_Ventures"", ""may_support"", ""Wild_Earth_Inc_initiatives_and_growth""]]"
30,"Nikki Haley played a pivotal role in introducing the Iran nuclear deal, an agreement that notably has a negative impact on Iran while also affecting international banks. In addition to her involvement with the Iran nuclear deal, Nikki Haley exerts control over U.S. policy, shaping the country's strategic directions. Her political actions and affiliations are also connected to Russia, highlighting a broader geopolitical interplay.","[[""Nikki_Haley"", ""played_role_in"", ""Iran_nuclear_deal""], [""Iran_nuclear_deal"", ""has_negative_impact_on"", ""Iran""], [""Iran_nuclear_deal"", ""affects"", ""international_banks""], [""Nikki_Haley"", ""exerts_control_over"", ""U.S._policy""], [""Nikki_Haley"", ""shapes"", ""U.S._strategic_directions""], [""Nikki_Haley"", ""connected_to"", ""Russia""]]","The Iran nuclear deal, introduced by Nikki Haley, has a negative impact on Iran while also affecting International Banks. Nikki Haley, in addition to her role in introducing the deal, exercises control over U.S. Policy. Furthermore, she maintains a connection with Russia, highlighting her influence and strategic relationships in international politics.","[[""Iran_nuclear_deal"", ""introduced_by"", ""Nikki_Haley""], [""Iran_nuclear_deal"", ""has_negative_impact_on"", ""Iran""], [""Iran_nuclear_deal"", ""affects"", ""International_Banks""], [""Nikki_Haley"", ""exercises_control_over"", ""U.S._Policy""], [""Nikki_Haley"", ""maintains_connection_with"", ""Russia""], [""Nikki_Haley"", ""has_influence_in"", ""international_politics""], [""Nikki_Haley"", ""has_strategic_relationships_in"", ""international_politics""]]"
31,"The Treasury Department is connected to the Financial Stability Oversight Council, highlighting its role in maintaining economic balance. Sen. Chuck Schumer, whose actions and decisions affect the Treasury Department, is linked to discussions surrounding a government shutdown, underlining the significant implications of political decisions on economic bodies. Additionally, Sen. Chuck Schumer has a relationship with Eugene Scalia, demonstrating his influence and interactions within the governmental and regulatory landscape.","[[""Treasury_Department"", ""connected_to"", ""Financial_Stability_Oversight_Council""], [""Treasury_Department"", ""affected_by"", ""Sen._Chuck_Schumer""], [""Sen._Chuck_Schumer"", ""linked_to"", ""government_shutdown""], [""government_shutdown"", ""impacted_by"", ""political_decisions""], [""Sen._Chuck_Schumer"", ""related_to"", ""Eugene_Scalia""], [""Sen._Chuck_Schumer"", ""influences"", ""economic_bodies""], [""political_decisions"", ""affect"", ""economic_bodies""]]","Sen. Chuck Schumer is related to the issue of government shutdown, highlighting his involvement or association with political decisions that may impact this state of affairs. Additionally, his connection to Eugene Scalia suggests potential collaborations or discussions concerning legislative or governmental matters.","[[""Sen._Chuck_Schumer"", ""related_to"", ""issue_of_government_shutdown""], [""issue_of_government_shutdown"", ""impacted_by"", ""political_decisions""], [""Sen._Chuck_Schumer"", ""connected_to"", ""Eugene_Scalia""], [""Sen._Chuck_Schumer"", ""involved_in"", ""legislative_or_governmental_matters""], [""Eugene_Scalia"", ""part_of"", ""governmental_or_regulatory_landscape""], [""Sen._Chuck_Schumer"", ""part_of"", ""governmental_or_regulatory_landscape""]]"
32,"Economic activity has a negative impact on inflation while simultaneously impacting consumer confidence. Furthermore, economic activity relates to Washington, D.C. Inflation, in turn, impacts average hourly earnings, negatively affects the Mexican economy, and has a positive impact on purchasing power.","[[""Economic_activity"", ""negative_impact_on"", ""inflation""], [""Economic_activity"", ""impacts"", ""consumer_confidence""], [""Economic_activity"", ""relates_to"", ""Washington,_D.C.""], [""Inflation"", ""impacts"", ""average_hourly_earnings""], [""Inflation"", ""negatively_affects"", ""Mexican_economy""], [""Inflation"", ""positive_impact_on"", ""purchasing_power""]]","Economic activity has a negative impact on inflation while also influencing consumer confidence. Additionally, it relates to Washington, D.C. Inflation itself significantly impacts average hourly earnings and has a negative effect on the Mexican economy. Conversely, inflation positively impacts purchasing power, highlighting the complex interplay between these economic factors.","[[""Economic_activity"", ""negative_impact_on"", ""inflation""], [""Economic_activity"", ""influences"", ""consumer_confidence""], [""Economic_activity"", ""relates_to"", ""Washington,_D.C.""], [""Inflation"", ""impacts"", ""average_hourly_earnings""], [""Inflation"", ""negative_effect_on"", ""Mexican_economy""], [""Inflation"", ""positive_impact_on"", ""purchasing_power""]]"
33,"The President Trump Administration relates to U.S. Congress while exerting control over trade concessions and retaliatory tariffs. Simultaneously, Labor Unions control trade policies and relate to Minimum Wage Increase. These trade policies impact The U.S. Economy and are also linked to both the President Trump Administration and various businesses.","[[""President_Trump_Administration"", ""relates_to"", ""U.S._Congress""], [""President_Trump_Administration"", ""exerts_control_over"", ""trade_concessions""], [""President_Trump_Administration"", ""exerts_control_over"", ""retaliatory_tariffs""], [""Labor_Unions"", ""control"", ""trade_policies""], [""Labor_Unions"", ""relate_to"", ""Minimum_Wage_Increase""], [""trade_policies"", ""impact"", ""The_U.S._Economy""], [""trade_policies"", ""linked_to"", ""President_Trump_Administration""], [""trade_policies"", ""linked_to"", ""various_businesses""]]","The President Trump Administration relates to the U.S. Congress and controls trade concessions. Additionally, trade policies, which are associated with the President Trump Administration, have a significant impact on the U.S. Economy.","[[""President_Trump_Administration"", ""relates_to"", ""U.S._Congress""], [""President_Trump_Administration"", ""controls"", ""trade_concessions""], [""trade_policies"", ""associated_with"", ""President_Trump_Administration""], [""trade_policies"", ""impact"", ""U.S._Economy""]]"
34,"Tim Cook has a significant role in controlling privacy regulation while also operating in the realm of security. He is closely related to the tech industry, which actively participates in activism and plays a vital role in introducing policy changes. This industry is also linked to the broader economy, which has a direct impact on the stock market. Additionally, fluctuations in the economy can have a negative impact on the Bank of Mexico.","[[""Tim_Cook"", ""has_role_in"", ""privacy_regulation""], [""Tim_Cook"", ""operates_in"", ""security""], [""Tim_Cook"", ""related_to"", ""tech_industry""], [""tech_industry"", ""participates_in"", ""activism""], [""tech_industry"", ""introduces"", ""policy_changes""], [""tech_industry"", ""linked_to"", ""broader_economy""], [""broader_economy"", ""impacts"", ""stock_market""], [""fluctuations_in_economy"", ""has_impact_on"", ""Bank_of_Mexico""], [""fluctuations_in_economy"", ""negative_impact_on"", ""Bank_of_Mexico""]]","Tim Cook exercises control over privacy regulation and also operates in the realm of security. He is connected with the tech industry, which is actively participating in activism and introducing policy changes. The tech industry is also related to the broader economy, which impacts the stock market. Additionally, the economy has a negative impact on the Bank of Mexico.","[[""Tim_Cook"", ""exercises_control_over"", ""privacy_regulation""], [""Tim_Cook"", ""operates_in"", ""security""], [""Tim_Cook"", ""connected_with"", ""tech_industry""], [""tech_industry"", ""participates_in"", ""activism""], [""tech_industry"", ""introduces"", ""policy_changes""], [""tech_industry"", ""related_to"", ""broader_economy""], [""broader_economy"", ""impacts"", ""stock_market""], [""economy"", ""has_impact_on"", ""Bank_of_Mexico""], [""economy"", ""negative_impact_on"", ""Bank_of_Mexico""]]"
35,"James Bullard, who plays a key role in controlling the St. Louis Federal Reserve, is closely associated with discussions on the inflation rate and trade disputes. The St. Louis Federal Reserve, under this leadership, has introduced the Discount Rate and exerts control over the interest rate policy. Trade disputes have a significant impact on both economic growth and global trade, while exerting a negative impact on Rural America. These disputes are an important topic for James Bullard, thus linking them intrinsically to ongoing economic discussions.","[[""James_Bullard"", ""plays_key_role_in"", ""St._Louis_Federal_Reserve""], [""James_Bullard"", ""associated_with"", ""discussions_on_inflation_rate""], [""James_Bullard"", ""associated_with"", ""discussions_on_trade_disputes""], [""St._Louis_Federal_Reserve"", ""introduced"", ""Discount_Rate""], [""St._Louis_Federal_Reserve"", ""exerts_control_over"", ""interest_rate_policy""], [""Trade_disputes"", ""impact"", ""economic_growth""], [""Trade_disputes"", ""impact"", ""global_trade""], [""Trade_disputes"", ""negative_impact_on"", ""Rural_America""], [""James_Bullard"", ""linked_to"", ""economic_discussions""], [""Trade_disputes"", ""topic_for"", ""James_Bullard""]]","The St. Louis Federal Reserve plays a crucial role in the financial landscape by introducing the Discount Rate and exercising control over the Interest rate policy. James Bullard, an influential figure, is closely related to discussions on the inflation rate. Furthermore, trade disputes have significant repercussions, impacting both Economic growth and global trade. These disputes notably have a negative impact on Rural America, highlighting the complex interplay between regional economies and global market dynamics.","[[""St._Louis_Federal_Reserve"", ""plays_crucial_role_in"", ""financial_landscape""], [""St._Louis_Federal_Reserve"", ""introduced"", ""Discount_Rate""], [""St._Louis_Federal_Reserve"", ""exercises_control_over"", ""Interest_rate_policy""], [""James_Bullard"", ""influential_figure_in"", ""financial_landscape""], [""James_Bullard"", ""related_to"", ""discussions_on_inflation_rate""], [""Trade_disputes"", ""have_repercussions_on"", ""Economic_growth""], [""Trade_disputes"", ""have_repercussions_on"", ""global_trade""], [""Trade_disputes"", ""negative_impact_on"", ""Rural_America""], [""Regional_economies"", ""interplay_with"", ""global_market_dynamics""]]"
36,"State officials are related to the concept of fairness and exercise control over both Verizon Communications Inc. and electric scooters. Verizon Communications Inc. raises the standards and capabilities of 5G technology, while also relating to issues surrounding data breaches and the city of Dallas.","[[""State_officials"", ""related_to"", ""concept_of_fairness""], [""State_officials"", ""exercise_control_over"", ""Verizon_Communications_Inc""], [""State_officials"", ""exercise_control_over"", ""electric_scooters""], [""Verizon_Communications_Inc"", ""raises_standards_of"", ""5G_technology""], [""Verizon_Communications_Inc"", ""relates_to"", ""data_breaches""], [""Verizon_Communications_Inc"", ""relates_to"", ""city_of_Dallas""], [""Verizon_Communications_Inc"", ""raises_capabilities_of"", ""5G_technology""]]","State officials control Verizon Communications Inc. and have authority over the use of scooters, while also relating their actions to the concept of fairness. Verizon Communications Inc. raises the Boeing 737 Max 8 and has connections to issues related to data breaches and Western Iraq.","[[""State_officials"", ""control"", ""Verizon_Communications_Inc""], [""State_officials"", ""have_authority_over"", ""use_of_scooters""], [""State_officials"", ""relate_actions_to"", ""concept_of_fairness""], [""Verizon_Communications_Inc"", ""raises"", ""Boeing_737_Max_8""], [""Verizon_Communications_Inc"", ""relates_to"", ""data_breaches""], [""Verizon_Communications_Inc"", ""relates_to"", ""Western_Iraq""]]"
37,"Macedonia exercises control over NATO and maintains a relationship with Greece, showcasing its strategic significance in the region. Additionally, Macedonia actively participates in the North Atlantic Treaty Organization, further reinforcing its engagement in international diplomatic and security frameworks.","[[""Macedonia"", ""exercises_control_over"", ""NATO""], [""Macedonia"", ""maintains_relationship_with"", ""Greece""], [""Macedonia"", ""participates_in"", ""North_Atlantic_Treaty_Organization""], [""Macedonia"", ""engaged_in"", ""international_diplomatic_frameworks""], [""Macedonia"", ""engaged_in"", ""security_frameworks""], [""North_Atlantic_Treaty_Organization"", ""type_of"", ""international_diplomatic_framework""], [""North_Atlantic_Treaty_Organization"", ""type_of"", ""security_framework""]]","Macedonia exerts control over NATO, underscoring its influential position within the organization. Moreover, Macedonia's participation in the North Atlantic Treaty Organization reflects its active involvement in military alliances. Macedonia not only has these international roles but also maintains a relationship with Greece, highlighting regional diplomatic dynamics.","[[""Macedonia"", ""exerts_control_over"", ""NATO""], [""Macedonia"", ""maintains_relationship_with"", ""Greece""], [""Macedonia"", ""participates_in"", ""North_Atlantic_Treaty_Organization""], [""Macedonia"", ""involved_in"", ""military_alliances""], [""North_Atlantic_Treaty_Organization"", ""type_of"", ""military_alliance""], [""Macedonia"", ""has_role_in"", ""regional_diplomatic_dynamics""]]"
38,"The Supreme Court has a connection to Maryland, and its decisions and interpretations often intersect with legal matters arising in the state. The ACLU, a vital organization in advocacy and legal defense, exercises control over issues involving immigrant families, focusing on their rights and protections. Additionally, the ACLU is an active member of the broader Legal System, engaging in legal proceedings and policy influence. Furthermore, the ACLU’s activities and missions relate to the Supreme Court, as it frequently brings cases to this highest judicial authority to seek justice and policy change.","[[""Supreme_Court"", ""connected_to"", ""Maryland""], [""Supreme_Court"", ""involved_in"", ""legal_matters""], [""ACLU"", ""exercises_control_over"", ""immigrant_families""], [""ACLU"", ""focuses_on"", ""immigrant_rights""], [""ACLU"", ""focuses_on"", ""immigrant_protections""], [""ACLU"", ""member_of"", ""Legal_System""], [""ACLU"", ""engages_in"", ""legal_proceedings""], [""ACLU"", ""engages_in"", ""policy_influence""], [""ACLU"", ""brings_cases_to"", ""Supreme_Court""], [""ACLU"", ""seeks_justice_at"", ""Supreme_Court""], [""ACLU"", ""seeks_policy_change_at"", ""Supreme_Court""]]","The Fed Board has a relationship with Maryland, indicating possible implications or considerations in its operations or decisions. The ACLU exercises control over Interest-Rate Increase, an area often tied to economic policy and impacts. Furthermore, the ACLU is a member of a Plan, suggesting strategic involvement or alignment in decision-making processes. Additionally, the ACLU has a connection to the Fed Board, hinting at collaborative or intersecting interests or initiatives between these entities.","[[""Fed_Board"", ""related_to"", ""Maryland""], [""ACLU"", ""exercises_control_over"", ""Interest-Rate_Increase""], [""ACLU"", ""involved_in"", ""economic_policy""], [""ACLU"", ""member_of"", ""Plan""], [""ACLU"", ""strategically_involved_in"", ""decision-making_processes""], [""ACLU"", ""connected_to"", ""Fed_Board""], [""ACLU"", ""collaborates_with"", ""Fed_Board""], [""Fed_Board"", ""connected_to"", ""ACLU""]]"
39,"Slack Technologies Inc. relates to Pinterest Inc., as both companies operate within different sectors, with Slack Technologies Inc. functioning in Venture Capital and Pinterest Inc. in Digital Media. Additionally, Slack Technologies Inc. controls the Company, which has operational presence in regions such as Virginia and London. Meanwhile, Pinterest Inc. not only impacts investors but also works to raise its market cap. Furthermore, Venture Capital participates in initiatives addressing Climate Change, while the Company is subject to impacts from a subpoena.","[[""Slack_Technologies_Inc."", ""relates_to"", ""Pinterest_Inc.""], [""Slack_Technologies_Inc."", ""operates_in"", ""Venture_Capital""], [""Pinterest_Inc."", ""operates_in"", ""Digital_Media""], [""Slack_Technologies_Inc."", ""controls"", ""Company""], [""Company"", ""has_operational_presence_in"", ""Virginia""], [""Company"", ""has_operational_presence_in"", ""London""], [""Pinterest_Inc."", ""impacts"", ""investors""], [""Pinterest_Inc."", ""works_to"", ""raise_market_cap""], [""Venture_Capital"", ""participates_in"", ""initiatives_addressing_Climate_Change""], [""Company"", ""is_subject_to"", ""subpoena""]]","Slack Technologies Inc. relates to Pinterest Inc., which has an impact on investors.","[[""Slack_Technologies_Inc."", ""relates_to"", ""Pinterest_Inc.""], [""Pinterest_Inc."", ""has_an_impact_on"", ""investors""]]"
40,"Government policies have a positive impact on economic growth and simultaneously exert control over the financial system. Economic growth relates to debt, while the financial system impacts the U.S. economy. Furthermore, the financial system controls finance and has liquidity as one of its core features.","[[""Government_policies"", ""have_positive_impact_on"", ""economic_growth""], [""Government_policies"", ""exert_control_over"", ""financial_system""], [""Economic_growth"", ""relates_to"", ""debt""], [""Financial_system"", ""impacts"", ""U.S._economy""], [""Financial_system"", ""controls"", ""finance""], [""Financial_system"", ""has_feature"", ""liquidity""]]","Government Policies have a positive impact on economic growth and exert control over the financial system. This financial system impacts the U.S. Economy and is also responsible for controlling finance. Additionally, the financial system possesses liquidity, while economic growth relates to the level of debt within the economy.","[[""Government_Policies"", ""have_positive_impact_on"", ""economic_growth""], [""Government_Policies"", ""exert_control_over"", ""financial_system""], [""Financial_system"", ""impacts"", ""U.S._Economy""], [""Financial_system"", ""controls"", ""finance""], [""Financial_system"", ""possesses"", ""liquidity""], [""Economic_growth"", ""relates_to"", ""debt""]]"
41,"William Dudley has a noteworthy influence on financial stability, exerting control in this domain, while his actions and perspectives also have a negative impact on trade policies. Additionally, his work and viewpoints have a connection to the field of cryptocurrency, highlighting a multifaceted role in different financial areas.","[[""William_Dudley"", ""influence_on"", ""financial_stability""], [""William_Dudley"", ""controls"", ""financial_stability""], [""William_Dudley"", ""has_negative_impact_on"", ""trade_policies""], [""William_Dudley"", ""related_to"", ""cryptocurrency""]]","William Dudley plays a significant role in controlling financial stability, while also having a positive impact on trade policies. In addition to these responsibilities, his work relates to the increasingly vital realm of cryptocurrency.","[[""William_Dudley"", ""controls"", ""financial_stability""], [""William_Dudley"", ""has_positive_impact_on"", ""trade_policies""], [""William_Dudley"", ""related_to"", ""cryptocurrency""]]"
42,"Crude oil prices raise oil prices and have a negative impact on copper prices, which in turn negatively impacts the global economy. Additionally, crude oil prices relate to the United States, while copper prices relate to the Iran nuclear deal.","[[""Crude_Oil_Prices"", ""raise"", ""Oil_Prices""], [""Crude_Oil_Prices"", ""negative_impact_on"", ""Copper_Prices""], [""Copper_Prices"", ""negative_impact_on"", ""Global_Economy""], [""Crude_Oil_Prices"", ""relate_to"", ""United_States""], [""Copper_Prices"", ""relate_to"", ""Iran_Nuclear_Deal""]]","Crude oil prices relate to the United States and can raise oil prices. Additionally, copper prices have a negative impact on the global economy and are also connected to the Iran nuclear deal.","[[""Crude_Oil_Prices"", ""relate_to"", ""United_States""], [""Crude_Oil_Prices"", ""raise"", ""Oil_Prices""], [""Copper_Prices"", ""negative_impact_on"", ""Global_Economy""], [""Copper_Prices"", ""connected_to"", ""Iran_Nuclear_Deal""]]"
43,"Twilio Inc., which operates in the United States, has raised SendGrid Inc., signifying an increase in their operational scope or financial position through this acquisition or partnership. The United States, where Twilio primarily conducts its business, has a relationship with the Citizenship question, possibly influencing how companies like Twilio navigate regulatory or social considerations in their operations within the country.","[[""Twilio_Inc."", ""operates_in"", ""United_States""], [""Twilio_Inc."", ""raised"", ""SendGrid_Inc.""], [""Twilio_Inc."", ""increased"", ""operational_scope""], [""Twilio_Inc."", ""increased"", ""financial_position""], [""United_States"", ""related_to"", ""Citizenship_question""], [""Twilio_Inc."", ""influenced_by"", ""regulatory_considerations""], [""Twilio_Inc."", ""influenced_by"", ""social_considerations""], [""Twilio_Inc."", ""conducts_business_in"", ""United_States""]]","Twilio Inc. conducts its operations within the United States. In a strategic move, Twilio Inc. has decided to decrease its involvement with SendGrid Inc. Additionally, the United States has a connection with the citizenship question, an issue relevant to national demographics and policy discussions.","[[""Twilio_Inc."", ""operates_in"", ""United_States""], [""Twilio_Inc."", ""decreased_involvement_with"", ""SendGrid_Inc.""], [""United_States"", ""related_to"", ""citizenship_question""], [""citizenship_question"", ""relevant_to"", ""national_demographics""], [""citizenship_question"", ""relevant_to"", ""policy_discussions""]]"
44,"Stephanie Clifford is connected to Michael Cohen, Michael Avenatti, and the concept of a Presidential Run. Michael Cohen plays a significant role in raising a nondisclosure agreement and has associations with the Republican National Committee as well as the House Oversight Committee. These relationships create a complex web involving legal, political, and personal elements, highlighting interactions among key political figures and institutions.","[[""Stephanie_Clipford"", ""connected_to"", ""Michael_Cohen""], [""Stephanie_Clipford"", ""connected_to"", ""Michael_Avenatti""], [""Stephanie_Clipford"", ""connected_to"", ""Presidential_Run""], [""Michael_Cohen"", ""associated_with"", ""Republican_National_Committee""], [""Michael_Cohen"", ""associated_with"", ""House_Oversight_Committee""], [""Michael_Cohen"", ""involved_in"", ""nondisclosure_agreement""], [""Republican_National_Committee"", ""involved_in"", ""political_elements""], [""House_Oversight_Committee"", ""involved_in"", ""political_elements""], [""Michael_Cohen"", ""connected_to"", ""Stephanie_Clipford""], [""Michael_Avenatti"", ""connected_to"", ""Stephanie_Clipford""], [""Presidential_Run"", ""connected_to"", ""Stephanie_Clipford""]]","Tom Cotton has connections to several prominent figures and events, including Mattis, Michael Avenatti, and the U.S.-China trade conflict. Meanwhile, Mattis is linked with raising the significance of nondisclosure agreements and is connected to both the Venezuelan Regime and the Chinese securities regulator. These relations indicate a complex web of interactions and influences among these individuals and geopolitical issues.","[[""Tom_Cotton"", ""connected_to"", ""Mattis""], [""Tom_Cotton"", ""connected_to"", ""Michael_Avenatti""], [""Tom_Cotton"", ""connected_to"", ""U.S.-China_trade_conflict""], [""Mattis"", ""linked_with"", ""nondisclosure_agreements""], [""Mattis"", ""connected_to"", ""Venezuelan_Regime""], [""Mattis"", ""connected_to"", ""Chinese_securities_regulator""], [""Michael_Avenatti"", ""connected_to"", ""Tom_Cotton""], [""U.S.-China_trade_conflict"", ""connected_to"", ""Tom_Cotton""], [""Mattis"", ""connected_to"", ""Tom_Cotton""]]"
45,"SoftBank has a positive impact on technology innovation, fostering advancements in the field. However, it has a negative impact on Alphabet Inc., suggesting that its actions may adversely affect this major player in the tech industry. Additionally, SoftBank exerts control over Adam Neumann, indicating a significant influence over his endeavors.","[[""SoftBank"", ""positive_impact_on"", ""technology_innovation""], [""SoftBank"", ""fostering"", ""advancements_in_technology""], [""SoftBank"", ""negative_impact_on"", ""Alphabet_Inc""], [""SoftBank"", ""exerts_control_over"", ""Adam_Neumann""], [""Adam_Neumann"", ""influenced_by"", ""SoftBank""]]","SoftBank exerts a positive impact on technology innovation, driving advancements and growth within the sector. However, it also has a negative impact on Alphabet Inc., suggesting a competitive or adverse relationship. Additionally, SoftBank exercises control over Adam Neumann, indicating a significant influence in his business endeavors.","[[""SoftBank"", ""positive_impact_on"", ""technology_innovation""], [""SoftBank"", ""driving"", ""advancements_in_technology""], [""SoftBank"", ""driving"", ""growth_in_technology""], [""SoftBank"", ""negative_impact_on"", ""Alphabet_Inc""], [""SoftBank"", ""exercises_control_over"", ""Adam_Neumann""], [""Adam_Neumann"", ""influenced_by"", ""SoftBank""]]"
46,"Lev Parnas has had a negative impact on U.S. elections, shedding light on intricate political dynamics. His actions are related to Igor Fruman, highlighting connections that extend beyond borders. Furthermore, Parnas's activities are also related to Ukraine, which shares its own complex geopolitical relationships with Russia. The interconnected nature of these entities underscores a broader network of influence affecting both political and international spheres.","[[""Lev_Parnas"", ""had_negative_impact_on"", ""U.S._elections""], [""Lev_Parnas"", ""related_to"", ""Igor_Fruman""], [""Lev_Parnas"", ""related_to"", ""Ukraine""], [""Ukraine"", ""shares_geopolitical_relationships_with"", ""Russia""], [""Igor_Fruman"", ""connected_to"", ""Lev_Parnas""], [""Ukraine"", ""connected_to"", ""Lev_Parnas""]]","Lev Parnas is connected to both Igor Fruman and Ukraine in a network of relationships that has implications for U.S. elections. His activities or connections have had a positive impact on the U.S. elections. Additionally, there is an established relationship between Ukraine and Russia, suggesting a broader geopolitical context that may intersect with these individual associations.","[[""Lev_Parnas"", ""connected_to"", ""Igor_Fruman""], [""Lev_Parnas"", ""connected_to"", ""Ukraine""], [""Lev_Parnas"", ""had_positive_impact_on"", ""U.S._elections""], [""Ukraine"", ""established_relationship_with"", ""Russia""], [""Igor_Fruman"", ""connected_to"", ""Lev_Parnas""], [""Ukraine"", ""connected_to"", ""Lev_Parnas""]]"
47,"China exercises control over its military, known as the Chinese Military, and also oversees the Houston Rockets. Furthermore, China is raising its spending as part of its strategic initiatives. Hungary has various connections, notably to the Rule of Law and to China itself, highlighting the political and economic intersections between these nations. Additionally, Hungary relates to Beijing, the capital city of China, which in turn has a relationship with the Vatican, illustrating an intricate web of diplomatic and cultural links.","[[""China"", ""exercises_control_over"", ""Chinese_Military""], [""China"", ""exercises_control_over"", ""Houston_Rockets""], [""China"", ""raising_spending_in"", ""strategic_initiatives""], [""Hungary"", ""connected_to"", ""Rule_of_Law""], [""Hungary"", ""connected_to"", ""China""], [""Beijing"", ""capital_of"", ""China""], [""Beijing"", ""related_to"", ""Vatican""], [""Hungary"", ""related_to"", ""Beijing""]]","China exercises control over both the Chinese Military and the Houston Rockets, while also increasing its spending. In a different context, Hungary is related to discussions on the Rule of Law and has connections with Beijing. Furthermore, Beijing maintains a relationship with the Vatican.","[[""China"", ""exercises_control_over"", ""Chinese_Military""], [""China"", ""exercises_control_over"", ""Houston_Rockets""], [""China"", ""increasing_spending_in"", ""strategic_initiatives""], [""Hungary"", ""related_to"", ""Rule_of_Law""], [""Hungary"", ""connected_to"", ""Beijing""], [""Beijing"", ""maintains_relationship_with"", ""Vatican""]]"
48,"The Chinese Communist Party exercises control over Huawei Technologies, Tiananmen Square, and the Hong Kong protests. These protests have a significant impact on Geopolitics, highlighting the complex interplay between local dissent and international relations. Historically, the legacy of Mao Zedong relates to the ideologies and governance of the Chinese Communist Party, influencing its current policies and control mechanisms.","[[""Chinese_Communist_Party"", ""exercises_control_over"", ""Huawei_Technologies""], [""Chinese_Communist_Party"", ""exercises_control_over"", ""Tiananmen_Square""], [""Chinese_Communist_Party"", ""exercises_control_over"", ""Hong_Kong_protests""], [""Hong_Kong_protests"", ""have_impact_on"", ""Geopolitics""], [""Hong_Kong_protests"", ""highlight"", ""interplay_between_local_dissent_and_international_relations""], [""Mao_Zedong"", ""has_legacy"", ""Chinese_Communist_Party""], [""Mao_Zedong"", ""influences"", ""ideologies_of_Chinese_Communist_Party""], [""Mao_Zedong"", ""influences"", ""governance_of_Chinese_Communist_Party""], [""Mao_Zedong"", ""influences"", ""policies_of_Chinese_Communist_Party""], [""Mao_Zedong"", ""influences"", ""control_mechanisms_of_Chinese_Communist_Party""]]","The Hong Kong protests, controlled by the Chinese Communist Party, have had a significant impact on geopolitics.","[[""Chinese_Communist_Party"", ""controls"", ""Hong_Kong_protests""], [""Hong_Kong_protests"", ""have_impact_on"", ""geopolitics""]]"
49,"Politicians introduce pensions and raise gun laws while also controlling economic policies. Furthermore, pensions have a significant impact on both the oil market and public opinion, and are related to Lim, which itself relates to private-equity. The oil market is a member of the global market and has an impact on the global economy and production cuts. Additionally, private-equity impacts start-ups, indicating a complex interplay between these entities and sectors.","[[""Politicians"", ""introduce"", ""pensions""], [""Politicians"", ""raise"", ""gun_laws""], [""Politicians"", ""control"", ""economic_policies""], [""pensions"", ""impact"", ""oil_market""], [""pensions"", ""impact"", ""public_opinion""], [""pensions"", ""related_to"", ""Lim""], [""Lim"", ""related_to"", ""private-equity""], [""oil_market"", ""member_of"", ""global_market""], [""oil_market"", ""impact"", ""global_economy""], [""oil_market"", ""impact"", ""production_cuts""], [""private-equity"", ""impact"", ""start-ups""]]","Christopher Waller introduces pensions and raises entrepreneurship while controlling economic policies. Pensions significantly impact various domains, including the oil market and public opinion, and they relate to Lim. The oil market, which is a member of cost control, also impacts the global economy and capital return. Additionally, private-equity has a substantial impact on start-ups, while Lim also relates to private-equity.","[[""Christopher_Waller"", ""introduces"", ""pensions""], [""Christopher_Waller"", ""raises"", ""entrepreneurship""], [""Christopher_Waller"", ""control"", ""economic_policies""], [""pensions"", ""impact"", ""oil_market""], [""pensions"", ""impact"", ""public_opinion""], [""pensions"", ""related_to"", ""Lim""], [""Lim"", ""related_to"", ""private-equity""], [""oil_market"", ""member_of"", ""cost_control""], [""oil_market"", ""impact"", ""global_economy""], [""oil_market"", ""impact"", ""capital_return""], [""private-equity"", ""impact"", ""start-ups""]]"
50,"Joe Walsh, a figure associated with the House of Representatives, has connections to Massachusetts and is related to the Republican Primary.","[[""Joe_Walsh"", ""associated_with"", ""House_of_Representatives""], [""Joe_Walsh"", ""connected_to"", ""Massachusetts""], [""Joe_Walsh"", ""related_to"", ""Republican_Primary""]]","Joe Walsh has a connection with Massachusetts, suggesting a relationship that may involve various cultural, social, or historical aspects linked to this region.","[[""Joe_Walsh"", ""connected_to"", ""Massachusetts""]]"
51,"Trade has a negative impact on the global economy, and it also significantly affects copper prices and markets.","[[""Trade"", ""has_negative_impact_on"", ""global_economy""], [""Trade"", ""affects"", ""copper_prices""], [""Trade"", ""affects"", ""markets""]]","Trade has a negative impact on the global economy. Additionally, it also significantly impacts copper prices and various markets.","[[""Trade"", ""has_negative_impact_on"", ""global_economy""], [""Trade"", ""impacts"", ""copper_prices""], [""Trade"", ""impacts"", ""markets""]]"
52,"The Education Department is a member of the US Government and plays a significant role in areas related to consumer advocates and Democrats. Betsy DeVos exercises control over the Education Department and has associations with Michigan State University and the Special Olympics, illustrating her diverse interests and affiliations.","[[""Education_Department"", ""member_of"", ""US_Government""], [""Education_Department"", ""plays_role_in"", ""consumer_advocates""], [""Education_Department"", ""plays_role_in"", ""Democrats""], [""Betsy_DeVos"", ""exercises_control_over"", ""Education_Department""], [""Betsy_DeVos"", ""associated_with"", ""Michigan_State_University""], [""Betsy_DeVos"", ""associated_with"", ""Special_Olympics""]]","Betsy DeVos exercises control over the Education Department, which is a member of the US Government. This department is connected to both consumer advocates and Democrats, highlighting its intersecting roles in policy and advocacy. Beyond her governmental duties, DeVos is also connected to Michigan State University and the Special Olympics, indicating her involvement in educational and special needs initiatives.","[[""Education_Department"", ""member_of"", ""US_Government""], [""Education_Department"", ""connected_to"", ""consumer_advocates""], [""Education_Department"", ""connected_to"", ""Democrats""], [""Betsy_DeVos"", ""exercises_control_over"", ""Education_Department""], [""Betsy_DeVos"", ""connected_to"", ""Michigan_State_University""], [""Betsy_DeVos"", ""connected_to"", ""Special_Olympics""], [""Betsy_DeVos"", ""involved_in"", ""educational_initiatives""], [""Betsy_DeVos"", ""involved_in"", ""special_needs_initiatives""]]"
53,"Chancellor Angela Merkel has raised support for the SPD, while Emmanuel Macron relates to her in various political contexts. Additionally, Emmanuel Macron has a significant impact on tax increases and is also connected to the field of public relations.","[[""Angela_Merkel"", ""raised_support_for"", ""SPD""], [""Angela_Merkel"", ""related_to"", ""Emmanuel_Macron""], [""Emmanuel_Macron"", ""related_to"", ""Angela_Merkel""], [""Emmanuel_Macron"", ""impact_on"", ""tax_increases""], [""Emmanuel_Macron"", ""connected_to"", ""public_relations""]]","Chancellor Angela Merkel has decreased the influence of the SPD, while Emmanuel Macron, who relates to Chancellor Angela Merkel, impacts tax increases. Furthermore, Emmanuel Macron also relates to the field of public relations.","[[""Angela_Merkel"", ""decreased_influence_of"", ""SPD""], [""Angela_Merkel"", ""related_to"", ""Emmanuel_Macron""], [""Emmanuel_Macron"", ""related_to"", ""Angela_Merkel""], [""Emmanuel_Macron"", ""impact_on"", ""tax_increases""], [""Emmanuel_Macron"", ""related_to"", ""public_relations""]]"
54,"CNEX Labs Inc. relates to several major technology companies, including Microsoft Corporation, Dell Inc., and Huawei.","[[""CNEX_Labs_Inc."", ""relates_to"", ""Microsoft_Corporation""], [""CNEX_Labs_Inc."", ""relates_to"", ""Dell_Inc.""], [""CNEX_Labs_Inc."", ""relates_to"", ""Huawei""]]","CNEX Labs Inc. relates to several prominent technology corporations, including Microsoft Corporation, Dell Inc., and Huawei.","[[""CNEX_Labs_Inc."", ""relates_to"", ""Microsoft_Corporation""], [""CNEX_Labs_Inc."", ""relates_to"", ""Dell_Inc.""], [""CNEX_Labs_Inc."", ""relates_to"", ""Huawei""]]"
55,"United Technologies Corp. operates in North America and has a controlling interest in Raytheon Co. This corporation has a positive impact on the S&P500, which in turn impacts investors and stock values. However, the S&P500 exerts a negative impact on oil prices. Additionally, North America relates to The U.S. Economy and operates in Toronto.","[[""United_Technologies_Corp."", ""operates_in"", ""North_America""], [""United_Technologies_Corp."", ""controlling_interest_in"", ""Raytheon_Co.""], [""United_Technologies_Corp."", ""positive_impact_on"", ""S&P500""], [""S&P500"", ""impacts"", ""investors""], [""S&P500"", ""impacts"", ""stock_values""], [""S&P500"", ""negative_impact_on"", ""oil_prices""], [""North_America"", ""relates_to"", ""The_U.S._Economy""], [""North_America"", ""operates_in"", ""Toronto""]]","United Technologies Corp. has a positive impact on the S&P500, while the S&P500, in turn, has a negative impact on oil prices.","[[""United_Technologies_Corp."", ""positive_impact_on"", ""S&P500""], [""S&P500"", ""negative_impact_on"", ""oil_prices""]]"
56,"Fitbit Inc., a prominent player in the technology sector, has experienced a negative impact on its market valuation. In addition to its operations in the technology sphere, Fitbit Inc. also participates in initiatives or events such as Bill, demonstrating its active involvement in various sector-related activities.","[[""Fitbit_Inc."", ""operates_in"", ""technology_sector""], [""Fitbit_Inc."", ""experienced"", ""negative_impact_on_market_valuation""], [""Fitbit_Inc."", ""participates_in"", ""Bill""], [""Fitbit_Inc."", ""involved_in"", ""sector-related_activities""]]","Fitbit Inc., a company operating in the technology sector, has recently faced a negative impact on its market valuation. Despite this setback, the company remains actively involved in the technological landscape by participating in Bill, an event with financial and economic implications.","[[""Fitbit_Inc."", ""operates_in"", ""technology_sector""], [""Fitbit_Inc."", ""faced"", ""negative_impact_on_market_valuation""], [""Fitbit_Inc."", ""participates_in"", ""Bill""], [""Bill"", ""has"", ""financial_and_economic_implications""], [""Fitbit_Inc."", ""involved_in"", ""technological_landscape""]]"
57,"Manafort is closely related to Paul Manafort and is also linked to the issue of Russia Interference. This interference is further connected to the Mueller report. In the financial realm, Manafort plays a pivotal role in activities that raise the involvement of U.S. banks.","[[""Manafort"", ""closely_related_to"", ""Paul_Manafort""], [""Manafort"", ""linked_to"", ""Russia_Interference""], [""Russia_Interference"", ""connected_to"", ""Mueller_report""], [""Manafort"", ""plays_pivotal_role_in"", ""financial_activities""], [""financial_activities"", ""raise_involvement_of"", ""U.S._banks""]]","Manafort is related to Russia Interference, suggesting a connection to the political landscape surrounding allegations of foreign influence in electoral processes. This relationship has been scrutinized for its implications on political integrity and international relations.","[[""Manafort"", ""related_to"", ""Russia_Interference""], [""Russia_Interference"", ""connected_to"", ""political_landscape""], [""political_landscape"", ""surrounds"", ""allegations_of_foreign_influence""], [""allegations_of_foreign_influence"", ""involve"", ""electoral_processes""], [""Manafort"", ""impacts"", ""political_integrity""], [""Manafort"", ""impacts"", ""international_relations""]]"
58,"The Boeing 737 MAX has significant impacts on both Ethiopian Airlines and the Dow Industrials. Ethiopian Airlines operates in various locations, including Minneapolis, Africa, and Kenya, showcasing its broad geographic presence. The impact of the Boeing 737 MAX on Dow Industrials extends further, as Dow Industrials in turn have a negative impact on global trade, indicating a ripple effect across markets and industries.","[[""Boeing_737_MAX"", ""impacts"", ""Ethiopian_Airlines""], [""Boeing_737_MAX"", ""impacts"", ""Dow_Industrials""], [""Ethiopian_Airlines"", ""operates_in"", ""Minneapolis""], [""Ethiopian_Airlines"", ""operates_in"", ""Africa""], [""Ethiopian_Airlines"", ""operates_in"", ""Kenya""], [""Dow_Industrials"", ""impacts"", ""global_trade""], [""global_trade"", ""affected_by"", ""Dow_Industrials""]]","Oil plays a significant role in influencing various sectors and entities, notably having an impact on Ethiopian Airlines and the Dow Industrials. Ethiopian Airlines, which extends its operations across diverse regions, including Minneapolis, the China market, and Kenya, is affected by fluctuations in oil prices, driving operational costs. Meanwhile, Dow Industrials, a pivotal stock market index, also feels the influence of oil, but this impact appears to contribute negatively to tax bills, possibly affecting overall economic conditions.","[[""Oil"", ""influences"", ""Ethiopian_Airlines""], [""Oil"", ""influences"", ""Dow_Industrials""], [""Ethiopian_Airlines"", ""operates_in"", ""Minneapolis""], [""Ethiopian_Airlines"", ""operates_in"", ""China_market""], [""Ethiopian_Airlines"", ""operates_in"", ""Kenya""], [""Ethiopian_Airlines"", ""affected_by"", ""Oil""], [""Oil"", ""affects"", ""operational_costs_of_Ethiopian_Airlines""], [""Dow_Industrials"", ""affected_by"", ""Oil""], [""Oil"", ""contributes_to"", ""tax_bills""], [""tax_bills"", ""impacts"", ""economic_conditions""], [""Dow_Industrials"", ""type_of"", ""stock_market_index""]]"
59,"Rudy Giuliani is related to both Trump Tower and the Trump campaign, indicating his significant involvement in these notable entities. Furthermore, Rudy Giuliani participates in the context of the U.S. Ambassador to Ukraine, suggesting his engagement in diplomatic matters. The Journal controls Rudy Giuliani, highlighting an authoritative relationship where Giuliani's actions or statements may be influenced by this organization. In addition, the Journal announces bitcoin, thus indicating its role in broadcasting developments in the cryptocurrency space. Bitcoin operates in the United States, emphasizing its presence and activity within this major market.","[[""Rudy_Giuliani"", ""related_to"", ""Trump_Tower""], [""Rudy_Giuliani"", ""related_to"", ""Trump_campaign""], [""Rudy_Giuliani"", ""involved_in"", ""U.S._Ambassador_to_Ukraine""], [""The_Journal"", ""controls"", ""Rudy_Giuliani""], [""The_Journal"", ""announces"", ""bitcoin""], [""bitcoin"", ""operates_in"", ""United_States""]]","Rudy Giuliani is related to both Trump Tower and the Trump campaign, indicating his involvement in notable events associated with these entities. Furthermore, the Journal controls Rudy Giuliani, suggesting an influence or oversight over his activities and public persona.","[[""Rudy_Giuliani"", ""related_to"", ""Trump_Tower""], [""Rudy_Giuliani"", ""related_to"", ""Trump_campaign""], [""The_Journal"", ""controls"", ""Rudy_Giuliani""]]"
60,"Cities raise interest rates, which impact US stocks, business investment, and student loans. Furthermore, cities relate to lawsuits and the opioid epidemic. The opioid epidemic, in turn, relates to health care systems.","[[""Cities"", ""raise"", ""interest_rates""], [""interest_rates"", ""impact"", ""US_stocks""], [""interest_rates"", ""impact"", ""business_investment""], [""interest_rates"", ""impact"", ""student_loans""], [""Cities"", ""relate_to"", ""lawsuits""], [""Cities"", ""relate_to"", ""opioid_epidemic""], [""opioid_epidemic"", ""relate_to"", ""health_care_systems""]]","Cities are connected to both lawsuits and the opioid epidemic, highlighting the significant issues they face. In response to these challenges, cities may decrease interest rates to stimulate economic activity. Lower interest rates can subsequently impact US stocks, business investment, and student loans, influencing the broader financial landscape. Furthermore, the opioid epidemic has a relationship with health care systems, indicating the strain it places on resources and services within those systems.","[[""Cities"", ""connected_to"", ""lawsuits""], [""Cities"", ""connected_to"", ""opioid_epidemic""], [""Cities"", ""decrease"", ""interest_rates""], [""interest_rates"", ""impact"", ""US_stocks""], [""interest_rates"", ""impact"", ""business_investment""], [""interest_rates"", ""impact"", ""student_loans""], [""opioid_epidemic"", ""relationship_with"", ""health_care_systems""]]"
61,"The Labour Party has been actively involved in Brexit, a pivotal event impacting various sectors, including Northern Ireland and the Brexit agreement itself. While the Labour Party operates within the UK Parliament, it is also related to the Conservative party, which has faced challenges due to a negative impact on the Brexit vote. The UK Parliament maintains control over the UK Government and the Brexit Proposal, influencing the progression of Brexit. Additionally, Brexit has connections to Mrs. Theresa May, highlighting the political complexities and leadership challenges surrounding this significant issue.","[[""Labour_Party"", ""involved_in"", ""Brexit""], [""Brexit"", ""impacts"", ""Northern_Ireland""], [""Brexit"", ""related_to"", ""Brexit_agreement""], [""Labour_Party"", ""operates_in"", ""UK_Parliament""], [""Labour_Party"", ""related_to"", ""Conservative_party""], [""Conservative_party"", ""faced_challenges"", ""Brexit_vote""], [""UK_Parliament"", ""maintains_control_over"", ""UK_Government""], [""UK_Parliament"", ""maintains_control_over"", ""Brexit_Proposal""], [""UK_Parliament"", ""influences"", ""Brexit""], [""Brexit"", ""related_to"", ""Mrs._Theresa_May""]]","The Labour Party, actively involved in Brexit, operates within the UK Parliament, where it has some relations with the Conservative party. The UK Parliament is responsible for controlling the UK Government as well as overseeing the Brexit Proposal. Brexit itself has a significant impact on Northern Ireland and the Brexit agreement, and it has associations with figures like Mrs. Theresa May. Meanwhile, the Conservative party has a negative impact on the Brexit vote.","[[""Labour_Party"", ""involved_in"", ""Brexit""], [""Labour_Party"", ""operates_in"", ""UK_Parliament""], [""Labour_Party"", ""related_to"", ""Conservative_party""], [""UK_Parliament"", ""responsible_for"", ""UK_Government""], [""UK_Parliament"", ""oversees"", ""Brexit_Proposal""], [""Brexit"", ""impacts"", ""Northern_Ireland""], [""Brexit"", ""related_to"", ""Brexit_agreement""], [""Brexit"", ""associated_with"", ""Mrs._Theresa_May""], [""Conservative_party"", ""has_impact_on"", ""Brexit_vote""], [""Conservative_party"", ""has_negative_impact_on"", ""Brexit_vote""]]"
62,"The Camp Fire has had a detrimental effect on the town of Paradise, significantly altering its landscape and community. Additionally, the fire impacted businesses, disrupting operations and causing economic hardship. The nearby city of Chico also felt the effects of the Camp Fire, as it became a refuge for evacuees and absorbed some of the resulting economic and social changes.","[[""Camp_Fire"", ""had_detrimental_effect_on"", ""Paradise""], [""Camp_Fire"", ""altered"", ""landscape_of_Paradise""], [""Camp_Fire"", ""altered"", ""community_of_Paradise""], [""Camp_Fire"", ""impacted"", ""businesses""], [""Camp_Fire"", ""disrupted"", ""operations_of_businesses""], [""Camp_Fire"", ""caused"", ""economic_hardship""], [""Chico"", ""became_refuge_for"", ""evacuees""], [""Chico"", ""absorbed"", ""economic_changes""], [""Chico"", ""absorbed"", ""social_changes""]]","The Camp Fire had a negative impact on the town of Paradise, causing significant destruction. Additionally, this devastating event impacted businesses, affecting their operations and economic stability. The fire also notably affected Chico, influencing both the local economy and community dynamics.","[[""Camp_Fire"", ""had_negative_impact_on"", ""Paradise""], [""Camp_Fire"", ""caused"", ""destruction_in_Paradise""], [""Camp_Fire"", ""impacted"", ""businesses""], [""Camp_Fire"", ""affected"", ""operations_of_businesses""], [""Camp_Fire"", ""affected"", ""economic_stability_of_businesses""], [""Camp_Fire"", ""influenced"", ""local_economy_of_Chico""], [""Camp_Fire"", ""influenced"", ""community_dynamics_of_Chico""]]"
63,"The tax overhaul controls tax rates and positively impacts the economy, while also having an influence on the corporate tax rate.","[[""tax_overhaul"", ""controls"", ""tax_rates""], [""tax_overhaul"", ""positively_impacts"", ""economy""], [""tax_overhaul"", ""influences"", ""corporate_tax_rate""]]","The tax overhaul controls tax rates and has a significant impact on the corporate tax rate. However, this tax overhaul also has a negative impact on the economy.","[[""tax_overhaul"", ""controls"", ""tax_rates""], [""tax_overhaul"", ""impacts"", ""corporate_tax_rate""], [""tax_overhaul"", ""negatively_impacts"", ""economy""]]"
64,"China has a negative impact on copper consumption and also impacts U.S. stocks. Furthermore, China is a member of the Tariff Fight, demonstrating its involvement in international trade disputes. The Postal Service controls China, indicating a regulatory relationship over this nation. Additionally, the Postal Service raises revenue, which is an important aspect of its operational capacity. This revenue relates to several entities, including the Houthis, spending, and Apple Inc., suggesting interconnected financial dynamics.","[[""China"", ""negative_impact_on"", ""copper_consumption""], [""China"", ""impact_on"", ""U.S._stocks""], [""China"", ""member_of"", ""Tariff_Fight""], [""China"", ""involved_in"", ""international_trade_disputes""], [""Postal_Service"", ""controls"", ""China""], [""Postal_Service"", ""regulatory_relationship_over"", ""China""], [""Postal_Service"", ""raises"", ""revenue""], [""revenue"", ""related_to"", ""Houthis""], [""revenue"", ""related_to"", ""spending""], [""revenue"", ""related_to"", ""Apple_Inc.""], [""Postal_Service"", ""raises_revenue_from"", ""Apple_Inc.""], [""Postal_Service"", ""raises_revenue_from"", ""Houthis""], [""Postal_Service"", ""raises_revenue_from"", ""spending""]]","China impacts U.S. stocks and has a positive impact on copper consumption. Additionally, China is a member of the Tariff Fight. The Postal Service controls China and raises revenue. This revenue is related to Apple Inc., spending, and the Houthis, illustrating the interconnectedness of various economic factors.","[[""China"", ""impact_on"", ""U.S._stocks""], [""China"", ""positive_impact_on"", ""copper_consumption""], [""China"", ""member_of"", ""Tariff_Fight""], [""Postal_Service"", ""controls"", ""China""], [""Postal_Service"", ""raises"", ""revenue""], [""revenue"", ""related_to"", ""Apple_Inc.""], [""revenue"", ""related_to"", ""spending""], [""revenue"", ""related_to"", ""Houthis""]]"
65,"John Bercow controls both the Brexit Deal and the House of Commons. The Brexit Deal relates to trade and has an impact on companies, highlighting the interconnected nature of political decisions and economic consequences.","[[""John_Bercow"", ""controls"", ""Brexit_Deal""], [""John_Bercow"", ""controls"", ""House_of_Commons""], [""Brexit_Deal"", ""relates_to"", ""trade""], [""Brexit_Deal"", ""has_impact_on"", ""companies""], [""House_of_Commons"", ""located_in"", ""UK""], [""Brexit_Deal"", ""influences"", ""political_decisions""], [""Brexit_Deal"", ""influences"", ""economic_consequences""]]","John Bercow controls the House of Commons, where significant legislative discussions occur. The Brexit Deal relates to trade and has an impact on companies operating within that market, influencing their strategies and outcomes.","[[""John_Bercow"", ""controls"", ""House_of_Commons""], [""House_of_Commons"", ""hosts"", ""legislative_discussions""], [""Brexit_Deal"", ""relates_to"", ""trade""], [""Brexit_Deal"", ""has_impact_on"", ""companies""], [""companies"", ""operate_in"", ""market""], [""Brexit_Deal"", ""influences"", ""strategies""], [""Brexit_Deal"", ""influences"", ""outcomes""]]"
66,"Carsten Menke, who has a relationship with both the Gold Price and the Gold market, exerts control over Julius Baer. Julius Baer, under Menke's control, operates in the Commodities Markets.","[[""Carsten_Menke"", ""related_to"", ""Gold_Price""], [""Carsten_Menke"", ""related_to"", ""Gold_market""], [""Carsten_Menke"", ""exerts_control_over"", ""Julius_Baer""], [""Julius_Baer"", ""operates_in"", ""Commodities_Markets""]]","Carsten Menke, who is associated with both the Gold Price and the Gold market, plays a significant role in controlling Julius Baer, a major financial group. Julius Baer, under the control of Carsten Menke, operates within the Commodities Markets, navigating various facets of trading and investment in these dynamic environments.","[[""Carsten_Menke"", ""associated_with"", ""Gold_Price""], [""Carsten_Menke"", ""associated_with"", ""Gold_market""], [""Carsten_Menke"", ""plays_significant_role_in_controlling"", ""Julius_Baer""], [""Julius_Baer"", ""major_financial_group"", ""None""], [""Julius_Baer"", ""controlled_by"", ""Carsten_Menke""], [""Julius_Baer"", ""operates_in"", ""Commodities_Markets""], [""Julius_Baer"", ""navigates"", ""trading""], [""Julius_Baer"", ""navigates"", ""investment""]]"
67,"Marine Le Pen, a notable figure who is a member of both the European Parliament and the European Union, has connections that relate to Steve Bannon. Bannon himself is linked to various politically charged elements such as the Russia Probe, Viktor Orban, and WikiLeaks. These associations suggest intersecting interests and shared platforms, highlighting the intricate web of political influence and allegiances across national and international boundaries.","[[""Marine_Le_Pen"", ""member_of"", ""European_Parliament""], [""Marine_Le_Pen"", ""member_of"", ""European_Union""], [""Marine_Le_Pen"", ""connected_to"", ""Steve_Bannon""], [""Steve_Bannon"", ""linked_to"", ""Russia_Probe""], [""Steve_Bannon"", ""linked_to"", ""Viktor_Orban""], [""Steve_Bannon"", ""linked_to"", ""WikiLeaks""]]","Marine Le Pen is connected to Steve Bannon through various political and ideological associations. She is an active member of both the European Parliament and the European Union, reflecting her political engagement on a broader international stage. Steve Bannon, known for his controversial influence in global politics, is related to the Russia Probe, Viktor Orban, and WikiLeaks, indicating his involvement in political matters that often stir international discussion. These connections highlight the intricate web of relationships among influential political figures and entities.","[[""Marine_Le_Pen"", ""connected_to"", ""Steve_Bannon""], [""Marine_Le_Pen"", ""member_of"", ""European_Parliament""], [""Marine_Le_Pen"", ""member_of"", ""European_Union""], [""Steve_Bannon"", ""related_to"", ""Russia_Probe""], [""Steve_Bannon"", ""related_to"", ""Viktor_Orban""], [""Steve_Bannon"", ""related_to"", ""WikiLeaks""]]"
68,"Stephen Moore has connections to economic growth, the Federal Reserve Board of Governors, and the Republican Party. Republican senators play a controlling role in the U.S. Federal Reserve and share a relationship with Stephen Moore. Additionally, they have ties to Herman Cain, indicating a network of political and economic influence among these individuals and entities.","[[""Stephen_Moore"", ""connected_to"", ""economic_growth""], [""Stephen_Moore"", ""connected_to"", ""Federal_Reserve_Board_of_Governors""], [""Stephen_Moore"", ""connected_to"", ""Republican_Party""], [""Republican_senators"", ""play_role_in"", ""U.S._Federal_Reserve""], [""Republican_senators"", ""share_relationship_with"", ""Stephen_Moore""], [""Republican_senators"", ""have_ties_to"", ""Herman_Cain""], [""Stephen_Moore"", ""have_network_with"", ""Herman_Cain""], [""Stephen_Moore"", ""have_network_with"", ""Republican_senators""]]","Stephen Moore is intricately involved in discussions related to economic growth, the Federal Reserve Board of Governors, and the Republican Party, highlighting his multidimensional contributions to these areas. Republican senators play a significant role in steering the direction of the U.S. Federal Reserve and are connected with Stephen Moore, underscoring his influence within political and economic circles. Additionally, Republican senators have associations with Herman Cain, further indicating the intertwining relationships within political dynamics.","[[""Stephen_Moore"", ""involved_in"", ""economic_growth""], [""Stephen_Moore"", ""involved_in"", ""Federal_Reserve_Board_of_Governors""], [""Stephen_Moore"", ""involved_in"", ""Republican_Party""], [""Republican_senators"", ""play_role_in"", ""U.S._Federal_Reserve""], [""Republican_senators"", ""connected_with"", ""Stephen_Moore""], [""Republican_senators"", ""have_associations_with"", ""Herman_Cain""], [""Stephen_Moore"", ""have_influence_in"", ""political_and_economic_circles""], [""Herman_Cain"", ""have_relationship_with"", ""Republican_senators""], [""Stephen_Moore"", ""have_relationship_with"", ""Herman_Cain""]]"
69,"The United States has a negative impact on ZTE and is related to Javad Zarif. Additionally, the United States controls employment, which subsequently impacts income. General Mills Inc. operates in both the United States and the food industry, but has seen a decrease in share prices.","[[""United_States"", ""negative_impact_on"", ""ZTE""], [""United_States"", ""related_to"", ""Javad_Zarif""], [""United_States"", ""controls"", ""employment""], [""employment"", ""impacts"", ""income""], [""General_Mills_Inc."", ""operates_in"", ""United_States""], [""General_Mills_Inc."", ""operates_in"", ""food_industry""], [""General_Mills_Inc."", ""experienced"", ""decrease_in_share_prices""]]","The United States relates to Javad Zarif and controls employment, which in turn impacts income. Furthermore, the United States has a positive impact on ZTE. General Mills Inc., which operates in both the United States and the food industry, has seen a decrease in share prices.","[[""United_States"", ""relates_to"", ""Javad_Zarif""], [""United_States"", ""controls"", ""employment""], [""employment"", ""impacts"", ""income""], [""United_States"", ""positive_impact_on"", ""ZTE""], [""General_Mills_Inc."", ""operates_in"", ""United_States""], [""General_Mills_Inc."", ""operates_in"", ""food_industry""], [""General_Mills_Inc."", ""experienced"", ""decrease_in_share_prices""]]"
70,"Lewis Alexander relates to Donald Trump and exerts control over the manufacturing sector. This manufacturing sector has a relationship with the Bank of England, while it is also experiencing a decrease in activity in Germany.","[[""Lewis_Alexander"", ""relates_to"", ""Donald_Trump""], [""Lewis_Alexander"", ""exerts_control_over"", ""manufacturing_sector""], [""manufacturing_sector"", ""has_relationship_with"", ""Bank_of_England""], [""manufacturing_sector"", ""experiencing_decrease_in"", ""Germany""]]",Lewis Alexander relates to Donald Trump and exerts control over the manufacturing sector. This manufacturing sector has a connection to the Bank of England and is experiencing a decrease in relation to Germany.,"[[""Lewis_Alexander"", ""relates_to"", ""Donald_Trump""], [""Lewis_Alexander"", ""exerts_control_over"", ""manufacturing_sector""], [""manufacturing_sector"", ""has_connection_to"", ""Bank_of_England""], [""manufacturing_sector"", ""experiencing_decrease_in_relation_to"", ""Germany""]]"
71,"The White House Office of Management and Budget operates within the US Government, which exercises control over significant matters such as the U.S. Treasury Yield and the implementation of the death penalty. Moreover, the US Government also has a notable relationship with Yemen, influencing or being influenced by geopolitical or humanitarian factors concerning the region.","[[""White_House_Office_of_Management_and_Budget"", ""operates_within"", ""US_Government""], [""US_Government"", ""exercises_control_over"", ""U.S._Treasury_Yield""], [""US_Government"", ""exercises_control_over"", ""implementation_of_death_penalty""], [""US_Government"", ""has_relationship_with"", ""Yemen""]]","The US Government exercises control over the U.S. Treasury Yield, influencing the financial landscape and investment decisions. Additionally, there is a relationship between the US Government and Yemen, indicating potential diplomatic, strategic, or financial interactions between the two entities.","[[""US_Government"", ""exercises_control_over"", ""U.S._Treasury_Yield""], [""U.S._Treasury_Yield"", ""influences"", ""financial_landscape""], [""U.S._Treasury_Yield"", ""influences"", ""investment_decisions""], [""US_Government"", ""has_relationship_with"", ""Yemen""]]"
72,"The Treasury Yield relates to the Consumer-Price Index and is influenced by the Benchmark 10-year Treasury note, which controls the Treasury Yield. A decrease in the Treasury Yield affects both Market Volatility and Fed Interest Rates. Furthermore, the Benchmark 10-year Treasury note also relates to Yields and is responsible for raising prices.","[[""Treasury_Yield"", ""relates_to"", ""Consumer-Price_Index""], [""Treasury_Yield"", ""influenced_by"", ""Benchmark_10-year_Treasury_note""], [""Benchmark_10-year_Treasury_note"", ""controls"", ""Treasury_Yield""], [""Treasury_Yield"", ""affects"", ""Market_Volatility""], [""Treasury_Yield"", ""affects"", ""Fed_Interest_Rates""], [""Benchmark_10-year_Treasury_note"", ""relates_to"", ""Yields""], [""Benchmark_10-year_Treasury_note"", ""responsible_for"", ""raising_prices""]]",The Benchmark 10-year Treasury note has raised prices.,"[[""Benchmark_10-year_Treasury_note"", ""has_raised"", ""prices""]]"
73,"The USOC has announced an investigation, which is related to a report and also impacts Russia. In addition to this, the USOC introduced Ropes & Gray LLP, a legal entity possibly involved in conducting or advising on the investigation.","[[""USOC"", ""announced"", ""investigation""], [""investigation"", ""related_to"", ""report""], [""investigation"", ""impacts"", ""Russia""], [""USOC"", ""introduced"", ""Ropes_&_Gray_LLP""], [""Ropes_&_Gray_LLP"", ""possibly_involved_in"", ""investigation""]]","An investigation has a significant impact on Russia and is closely related to a report. In response to these developments, the USOC has introduced Ropes & Gray LLP, potentially as a part of handling or responding to the findings of the investigation.","[[""investigation"", ""has_impact_on"", ""Russia""], [""investigation"", ""related_to"", ""report""], [""USOC"", ""introduced"", ""Ropes_&_Gray_LLP""], [""Ropes_&_Gray_LLP"", ""potentially_part_of"", ""handling_investigation_findings""], [""USOC"", ""responding_to"", ""investigation_findings""]]"
74,"Treasury Notes play a significant role in the financial landscape by influencing various economic parameters. They are known to raise Yield, which is closely related to Bond Prices. However, an increase in Yield negatively impacts Housing Starts and Economic growth, highlighting its broad economic implications. Additionally, Treasury Notes impact Borrowing Cost and have a connection with stocks. In turn, these stocks negatively impact the Gold Price, underscoring the interconnectedness of these financial elements.",[],"Treasury Notes have a significant role in the financial landscape, as they impact borrowing costs and are related to stocks. When Treasury Notes are issued, they raise the yield, which has a cascading effect on various economic indicators. The raised yield negatively impacts housing starts and economic growth, while it is closely related to bond prices. Moreover, stocks themselves can have a negative impact on the gold price, adding another layer to the intricate web of financial relationships triggered by movements in Treasury Notes and yield dynamics.",[]
75,"The U.S. market has played a role in raising Volkswagen's presence or performance and it impacts U.S. companies in various ways. Henry McMaster operates in both South Carolina and the U.S. market, signifying his influence in these regions. Additionally, there is a relationship between Henry McMaster and Nikki Haley, highlighting a possible connection or shared interests within the political or economic landscape.","[[""U.S._market"", ""impacts"", ""Volkswagen""], [""Volkswagen"", ""presence_or_performance_in"", ""U.S._market""], [""U.S._market"", ""impacts"", ""U.S._companies""], [""Henry_McMaster"", ""operates_in"", ""South_Carolina""], [""Henry_McMaster"", ""operates_in"", ""U.S._market""], [""Henry_McMaster"", ""influential_in"", ""South_Carolina""], [""Henry_McMaster"", ""influential_in"", ""U.S._market""], [""Henry_McMaster"", ""related_to"", ""Nikki_Haley""], [""Nikki_Haley"", ""related_to"", ""Henry_McMaster""]]","The U.S. market has led to a raise in the prospects of Volkswagen, while also exerting an impact on various U.S. companies. Operating within both South Carolina and the wider U.S. market is Henry McMaster, a figure who also shares a relationship with Nikki Haley.","[[""U.S._market"", ""raised_prospects_of"", ""Volkswagen""], [""U.S._market"", ""impacts"", ""U.S._companies""], [""Henry_McMaster"", ""operates_in"", ""South_Carolina""], [""Henry_McMaster"", ""operates_in"", ""U.S._market""], [""Henry_McMaster"", ""related_to"", ""Nikki_Haley""], [""Nikki_Haley"", ""related_to"", ""Henry_McMaster""]]"
76,"Democracy is intrinsically related to both the Maduro Government and the occurrence of protests, indicating its foundational influence on governance structures and public dissent. Aung San Suu Kyi, a prominent political figure, exerts control over the military, a position that allows her to significantly impact the state of democracy. Her influence is further evidenced by the announcement of constitutional amendments, which serve as an important milestone reflecting her strategic initiatives in shaping democratic frameworks.",[],"Democracy has connections to both the Maduro Government and various protests, signifying its relevance in different political contexts. Aung San Suu Kyi, a prominent figure in the political landscape, wields control over the Military and has a significant impact on democracy itself. Moreover, she has announced constitutional amendments aimed at shaping the future governance framework.",[]
77,"Giuseppe Conte is intricately related to the European Union, an entity he connects with through various channels. As a key figure, he exercises control over the Migration Crisis, demonstrating his influence on pressing issues within Europe. Moreover, Giuseppe Conte actively participates in the European Commission, an institution that has the authority over technological platforms like the Android mobile operating system and maintains a relationship with Private-Equity Firms. The European Union itself plays a significant role in controlling critical frameworks such as the EU Budget and the Rule of Law, both of which are essential pillars of its governance. Additionally, the European Union impacts trade deals, shaping economic interactions on a global scale.",[],"Giuseppe Conte is intricately related to the European Union, where he exercises control over significant issues such as the migration crisis. He actively participates in the European Commission, an entity that exerts control over various aspects such as the Android mobile operating system and maintains a connection with private-equity firms. The European Union itself exercises control over the EU Budget and the Rule of Law, both crucial components of its governance framework. Furthermore, the EU exerts a notable impact on trade deals, influencing the economic landscape within and beyond its borders.",[]
78,"WeWork Cos. has successfully raised its revenue, in part due to significant investments from the SoftBank Vision Fund. This fund not only invests in WeWork Cos. but also in Saudi Arabia, reflecting a diverse investment strategy. Additionally, the SoftBank Vision Fund has a relationship with Grab, linking these entities in a broader investment and business ecosystem.","[[""WeWork_Cos."", ""raising_revenue_from"", ""SoftBank_Vision_Fund""], [""SoftBank_Vision_Fund"", ""invests_in"", ""WeWork_Cos.""], [""SoftBank_Vision_Fund"", ""invests_in"", ""Saudi_Arabia""], [""SoftBank_Vision_Fund"", ""has_relationship_with"", ""Grab""], [""WeWork_Cos."", ""part_of"", ""investment_and_business_ecosystem""], [""SoftBank_Vision_Fund"", ""part_of"", ""investment_and_business_ecosystem""], [""Grab"", ""part_of"", ""investment_and_business_ecosystem""], [""Saudi_Arabia"", ""part_of"", ""investment_and_business_ecosystem""]]","The SoftBank Vision Fund has made significant investments in both WeWork Cos. and Saudi Arabia, demonstrating its strategic allocation of capital. Despite receiving investment from the SoftBank Vision Fund, WeWork Cos. has experienced a decrease in revenue. Additionally, the SoftBank Vision Fund has a connection to Grab, indicating a diverse range of interests and strategic relationships within its portfolio.","[[""SoftBank_Vision_Fund"", ""invests_in"", ""WeWork_Cos.""], [""SoftBank_Vision_Fund"", ""invests_in"", ""Saudi_Arabia""], [""WeWork_Cos."", ""received_investment_from"", ""SoftBank_Vision_Fund""], [""WeWork_Cos."", ""experienced_decrease_in"", ""revenue""], [""SoftBank_Vision_Fund"", ""has_connection_to"", ""Grab""], [""SoftBank_Vision_Fund"", ""demonstrates"", ""strategic_allocation_of_capital""]]"
79,"Mark Tucker exercises control over both HSBC Holdings PLC and HSBC. His position is related to the European Union, which has been responsible for introducing various sanctions that can influence global financial settings. The European Union's actions are also related to the Conservative party, suggesting an intersecting influence with political dynamics. HSBC, under the leadership of Tucker, announces its annual dividend, which reflects its business performance and shareholder engagement. Furthermore, HSBC maintains a relationship with Huawei Technologies, indicating potential collaborations or business dealings.","[[""Mark_Tucker"", ""exercises_control_over"", ""HSBC_Holdings_PLC""], [""Mark_Tucker"", ""exercises_control_over"", ""HSBC""], [""Mark_Tucker"", ""related_to"", ""European_Union""], [""European_Union"", ""introduced"", ""sanctions""], [""European_Union"", ""influence"", ""global_financial_settings""], [""European_Union"", ""related_to"", ""Conservative_party""], [""HSBC"", ""under_leadership_of"", ""Mark_Tucker""], [""HSBC"", ""announces"", ""annual_dividend""], [""annual_dividend"", ""reflects"", ""business_performance""], [""annual_dividend"", ""reflects"", ""shareholder_engagement""], [""HSBC"", ""maintains_relationship_with"", ""Huawei_Technologies""]]","Mark Tucker exercises control over HSBC Holdings PLC as well as HSBC. He is also connected to the European Union, which has introduced sanctions. The European Union itself has relationships pertaining to the Conservative party. HSBC, under the direction of Mark Tucker, has announced its annual dividend and is also related to Huawei Technologies.","[[""Mark_Tucker"", ""exercises_control_over"", ""HSBC_Holdings_PLC""], [""Mark_Tucker"", ""exercises_control_over"", ""HSBC""], [""Mark_Tucker"", ""connected_to"", ""European_Union""], [""European_Union"", ""introduced"", ""sanctions""], [""European_Union"", ""related_to"", ""Conservative_party""], [""HSBC"", ""under_direction_of"", ""Mark_Tucker""], [""HSBC"", ""announced"", ""annual_dividend""], [""HSBC"", ""related_to"", ""Huawei_Technologies""]]"
80,"A federal judge has the authority to control election results and possesses the power to issue a preliminary injunction. However, actions taken by the federal judge can have a negative impact on the Justice Department, potentially affecting its operations and overall mission.","[[""federal_judge"", ""has_authority_to_control"", ""election_results""], [""federal_judge"", ""possesses_power_to_issue"", ""preliminary_injunction""], [""actions_of_federal_judge"", ""have_negative_impact_on"", ""Justice_Department""], [""Justice_Department"", ""has_operations"", ""operations""], [""Justice_Department"", ""has_mission"", ""overall_mission""]]","A Federal judge possesses the authority to control the Election Results, ensuring integrity and compliance with legal standards. Additionally, the Federal judge holds a Preliminary Injunction, a legal tool that can temporarily preserve the status quo or enjoin certain actions until a final decision is made. The actions and decisions of the Federal judge also positively impact the Justice Department, contributing to the administration and enforcement of justice within the electoral process.","[[""Federal_judge"", ""possesses_authority_to_control"", ""Election_Results""], [""Federal_judge"", ""ensures_integrity_of"", ""Election_Results""], [""Federal_judge"", ""ensures_compliance_with"", ""legal_standards""], [""Federal_judge"", ""holds"", ""Preliminary_Injunction""], [""Preliminary_Injunction"", ""preserves"", ""status_quo""], [""Preliminary_Injunction"", ""enjoins"", ""certain_actions""], [""actions_of_Federal_judge"", ""have_positive_impact_on"", ""Justice_Department""], [""Justice_Department"", ""administers_justice"", ""electoral_process""], [""Justice_Department"", ""enforces_justice"", ""electoral_process""]]"
81,"Maria Butina is related to the Russian Government and Russia, as well as to Republicans. The Kremlin controls Maria Butina and the Police, while also relating to Volodymyr Zelensky. Additionally, the Police operate in China.","[[""Maria_Butina"", ""related_to"", ""Russian_Government""], [""Maria_Butina"", ""related_to"", ""Russia""], [""Maria_Butina"", ""related_to"", ""Republicans""], [""Kremlin"", ""controls"", ""Maria_Butina""], [""Kremlin"", ""controls"", ""Police""], [""Kremlin"", ""relates_to"", ""Volodymyr_Zelensky""], [""Police"", ""operate_in"", ""China""]]","Maria Butina is known to relate to Republicans, indicating a connection between her actions and the values or activities associated with this political party.","[[""Maria_Butina"", ""related_to"", ""Republicans""]]"
82,"U.S. officials have a significant control over Moscow, sanctions, and U.S. troops, reflecting their authoritative influence in geopolitical matters. Their control over sanctions, specifically, has a profound impact on the global oil markets, indicating a strong connection between political actions and economic trends. Alice Wells is part of this landscape, possessing a U.S. delegation and having a direct relation with U.S. officials, suggesting her involvement in diplomatic initiatives. Moscow, apart from being controlled by U.S. officials, operates in contexts like the 2016 US Election, revealing its strategic interactions on a global scale. Additionally, Moscow is known to have an impact on the Korean Peninsula, while exerting control over entities like the Internet Research Agency, highlighting its geopolitical influence and actions.","[[""U.S._officials"", ""have_control_over"", ""Moscow""], [""U.S._officials"", ""have_control_over"", ""sanctions""], [""U.S._officials"", ""have_control_over"", ""U.S._troops""], [""sanctions"", ""have_impact_on"", ""global_oil_markets""], [""U.S._officials"", ""have_authoritative_influence_in"", ""geopolitical_matters""], [""Alice_Wells"", ""part_of"", ""U.S._delegation""], [""Alice_Wells"", ""has_direct_relation_with"", ""U.S._officials""], [""Moscow"", ""operates_in"", ""2016_US_Election""], [""Moscow"", ""has_impact_on"", ""Korean_Peninsula""], [""Moscow"", ""has_control_over"", ""Internet_Research_Agency""], [""Alice_Wells"", ""involved_in"", ""diplomatic_initiatives""]]","U.S. officials have control over Moscow, sanctions, and U.S. troops. The sanctions enforced by U.S. officials impact global oil markets, illustrating their global economic influence. Moscow, under control by U.S. officials, is noted for its operations in the 2016 US Election, and it also impacts the Korean Peninsula, showcasing its strategic significance. Alice Wells, who relates to U.S. officials, has a U.S. delegation, indicating her prominent role in diplomatic missions. Moreover, Moscow holds control over the Internet Research Agency, adding to its ways of exerting influence and control on the international stage.","[[""U.S._officials"", ""have_control_over"", ""Moscow""], [""U.S._officials"", ""have_control_over"", ""sanctions""], [""U.S._officials"", ""have_control_over"", ""U.S._troops""], [""sanctions"", ""enforced_by"", ""U.S._officials""], [""sanctions"", ""have_impact_on"", ""global_oil_markets""], [""U.S._officials"", ""have_global_economic_influence"", ""global_economy""], [""Moscow"", ""under_control_by"", ""U.S._officials""], [""Moscow"", ""operates_in"", ""2016_US_Election""], [""Moscow"", ""has_impact_on"", ""Korean_Peninsula""], [""Alice_Wells"", ""has_U.S._delegation"", ""U.S._delegation""], [""Alice_Wells"", ""relates_to"", ""U.S._officials""], [""Moscow"", ""has_control_over"", ""Internet_Research_Agency""], [""Alice_Wells"", ""has_proninent_role_in"", ""diplomatic_missions""]]"
83,"Climate Change has a profound impact on flooding and is also related to a global economic slowdown. The National Oceanic and Atmospheric Administration plays a significant role in addressing these issues, as it is related to both Climate Change and Global Warming. This administration controls the National Weather Service, which operates in areas like Montana and impacts regions such as West Virginia and St. Louis. Additionally, Global Warming has far-reaching impacts on businesses.","[[""Climate_Change"", ""has_impact_on"", ""flooding""], [""Climate_Change"", ""related_to"", ""global_economic_slowdown""], [""National_Oceanic_and_Atmospheric_Administration"", ""related_to"", ""Climate_Change""], [""National_Oceanic_and_Atmospheric_Administration"", ""related_to"", ""Global_Warming""], [""National_Oceanic_and_Atmospheric_Administration"", ""controls"", ""National_Weather_Service""], [""National_Weather_Service"", ""operates_in"", ""Montana""], [""National_Weather_Service"", ""impacts"", ""West_Virginia""], [""National_Weather_Service"", ""impacts"", ""St._Louis""], [""Global_Warming"", ""has_impact_on"", ""businesses""]]","Climate change has a significant impact on flooding, and it is also related to the global economic slowdown. The National Oceanic and Atmospheric Administration (NOAA) is connected to both climate change and global warming and plays a crucial role in controlling the National Weather Service. The National Weather Service, which operates in Montana, has an impactful presence in regions like West Virginia and St. Louis. Furthermore, global warming impacts businesses, indicating the far-reaching effects of environmental changes on economic activities.","[[""Climate_change"", ""has_impact_on"", ""flooding""], [""Climate_change"", ""related_to"", ""global_economic_slowdown""], [""National_Oceanic_and_Atmospheric_Administration"", ""connected_to"", ""Climate_change""], [""National_Oceanic_and_Atmospheric_Administration"", ""connected_to"", ""Global_warming""], [""National_Oceanic_and_Atmospheric_Administration"", ""controls"", ""National_Weather_Service""], [""National_Weather_Service"", ""operates_in"", ""Montana""], [""National_Weather_Service"", ""has_impactful_presence_in"", ""West_Virginia""], [""National_Weather_Service"", ""has_impactful_presence_in"", ""St._Louis""], [""Global_warming"", ""impacts"", ""businesses""]]"
84,"Donald Trump has an impact on resilience and is related to advisers who play a role in shaping his decisions. The House of Representatives controls the courts and Charles Kupperman, while also introducing legislation to the Senate. Devin Nunes operates in the US Government and is related to Donald Trump, participating actively in the House of Representatives.","[[""Donald_Trump"", ""has_impact_on"", ""resilience""], [""Donald_Trump"", ""related_to"", ""advisers""], [""advisers"", ""play_role_in"", ""shaping_decisions""], [""House_of_Representatives"", ""controls"", ""courts""], [""House_of_Representatives"", ""controls"", ""Charles_Kupperman""], [""House_of_Representatives"", ""introduces_legislation_to"", ""Senate""], [""Devin_Nunes"", ""operates_in"", ""US_Government""], [""Devin_Nunes"", ""related_to"", ""Donald_Trump""], [""Devin_Nunes"", ""participates_in"", ""House_of_Representatives""]]","Donald Trump has an impact on resilience and relates to his advisers. The House of Representatives controls the courts and Charles Kupperman, and it is responsible for introducing the Senate. Devin Nunes operates in the US Government and participates in the House of Representatives, while also relating to Donald Trump.","[[""Donald_Trump"", ""has_impact_on"", ""resilience""], [""Donald_Trump"", ""relates_to"", ""advisers""], [""House_of_Representatives"", ""controls"", ""courts""], [""House_of_Representatives"", ""controls"", ""Charles_Kupperman""], [""House_of_Representatives"", ""introduces"", ""Senate""], [""House_of_Representatives"", ""responsible_for"", ""introducing_Senate""], [""Devin_Nunes"", ""operates_in"", ""US_Government""], [""Devin_Nunes"", ""participates_in"", ""House_of_Representatives""], [""Devin_Nunes"", ""relates_to"", ""Donald_Trump""]]"
85,"Stanley Black & Decker Inc. raises industrial stocks while simultaneously decreasing its shares. The shares, in turn, have a negative impact on Samsung and control Dell Inc.","[[""Stanley_Black_&_Decker_Inc."", ""raises"", ""industrial_stocks""], [""Stanley_Black_&_Decker_Inc."", ""decreases"", ""shares""], [""shares"", ""have_negative_impact_on"", ""Samsung""], [""shares"", ""control"", ""Dell_Inc.""]]","Stanley Black & Decker Inc. has seen a decrease in both shares and industrial stocks. This decrease in shares has a negative impact on Samsung and concurrently, these shares also control Dell Inc.","[[""Stanley_Black_&_Decker_Inc."", ""sees_decrease_in"", ""shares""], [""Stanley_Black_&_Decker_Inc."", ""sees_decrease_in"", ""industrial_stocks""], [""decrease_in_shares"", ""has_negative_impact_on"", ""Samsung""], [""shares"", ""control"", ""Dell_Inc.""]]"
86,"Neel Kashkari plays a significant role in controlling wages, which are instrumental in positively impacting economic growth. However, wages also have a notable impact on the unemployment rate, highlighting their complex influence on the economy. Additionally, Kashkari's actions and decisions have an impact on the Federal Reserve Policy, aligning his efforts with broader monetary strategies. His expertise is closely related to the dynamics of interest rates, further emphasizing his contribution to financial governance and economic sustainability.","[[""Neel_Kashkari"", ""plays_role_in"", ""controlling_wages""], [""controlling_wages"", ""impacts"", ""economic_growth""], [""controlling_wages"", ""impacts"", ""unemployment_rate""], [""Neel_Kashkari"", ""impacts"", ""Federal_Reserve_Policy""], [""Neel_Kashkari"", ""has_expertise_in"", ""interest_rates""], [""interest_rates"", ""related_to"", ""financial_governance""], [""interest_rates"", ""related_to"", ""economic_sustainability""]]","Neel Kashkari plays a significant role in controlling wages, which in turn have a positive impact on economic growth and also influence the unemployment rate. Additionally, Kashkari's actions and decisions are related to interest rates and have an impact on Federal Reserve policy.","[[""Neel_Kashkari"", ""plays_role_in"", ""controlling_wages""], [""controlling_wages"", ""impacts"", ""economic_growth""], [""controlling_wages"", ""impacts"", ""unemployment_rate""], [""Neel_Kashkari"", ""impacts"", ""Federal_Reserve_Policy""], [""Neel_Kashkari"", ""has_expertise_in"", ""interest_rates""], [""interest_rates"", ""related_to"", ""Federal_Reserve_Policy""]]"
87,"Eric Rosengren is connected with multiple aspects of the financial landscape, including relationships with Loretta Mester, the broader implications for the U.S. Economy, and considerations regarding Risk. These interconnected elements highlight his influence and engagement with economic discussions and policy-making. Furthermore, Risk has a significant impact on stocks, underscoring the intricate relationship between economic uncertainties and market performance.","[[""Eric_Rosengren"", ""connected_with"", ""Loretta_Mester""], [""Eric_Rosengren"", ""connected_with"", ""U.S._Economy""], [""Eric_Rosengren"", ""connected_with"", ""Risk""], [""Eric_Rosengren"", ""influences"", ""economic_discussions""], [""Eric_Rosengren"", ""engaged_in"", ""policy-making""], [""Risk"", ""impact_on"", ""stocks""], [""economic_uncertainties"", ""related_to"", ""market_performance""]]","Eric Rosengren is connected to several important facets of the financial world, including the U.S. Economy and Loretta Mester. Additionally, he is associated with the concept of risk, which plays a significant role in impacting stocks. These interconnections highlight the complex web of relationships that influence economic and financial trends.","[[""Eric_Rosengren"", ""connected_to"", ""U.S._Economy""], [""Eric_Rosengren"", ""connected_to"", ""Loretta_Mester""], [""Eric_Rosengren"", ""associated_with"", ""risk""], [""risk"", ""plays_role_in"", ""impacting_stocks""], [""economic_and_financial_trends"", ""influenced_by"", ""relationships""], [""Eric_Rosengren"", ""connected_to"", ""financial_world""]]"
88,"Alexander Davis operates in the Tech Sector and participates in the Pharmaceutical Industry. However, Alexander Davis has a negative impact on the Venture Capital Industry. Furthermore, the Pharmaceutical Industry has an impact on the Opioid Crisis.","[[""Alexander_Davis"", ""operates_in"", ""Tech_Sector""], [""Alexander_Davis"", ""participates_in"", ""Pharmaceutical_Industry""], [""Alexander_Davis"", ""has_negative_impact_on"", ""Venture_Capital_Industry""], [""Pharmaceutical_Industry"", ""has_impact_on"", ""Opioid_Crisis""]]","Alexander Davis participates in the Pharmaceutical Industry and operates in the Tech Sector. His activities have a positive impact on the Venture Capital Industry. The Pharmaceutical Industry, in which he is involved, significantly impacts the Opioid Crisis.","[[""Alexander_Davis"", ""participates_in"", ""Pharmaceutical_Industry""], [""Alexander_Davis"", ""operates_in"", ""Tech_Sector""], [""Alexander_Davis"", ""has_positive_impact_on"", ""Venture_Capital_Industry""], [""Pharmaceutical_Industry"", ""has_significant_impact_on"", ""Opioid_Crisis""], [""Alexander_Davis"", ""involved_in"", ""Pharmaceutical_Industry""]]"
89,"The Judiciary Committee has a hearing and controls impeachment proceedings, while also announcing articles of impeachment. Jim Acosta participates in a press conference and relates to both First Amendment rights and Sarah Sanders. Meanwhile, Sarah Sanders relates to the power grid and the Kremlin, as well as being connected to the Judiciary Committee. The Kremlin, in turn, controls Saudi Arabia and the police.","[[""Judiciary_Committee"", ""has"", ""hearing""], [""Judiciary_Committee"", ""controls"", ""impeachment_proceedings""], [""Judiciary_Committee"", ""announces"", ""articles_of_impeachment""], [""Jim_Acosta"", ""participates_in"", ""press_conference""], [""Jim_Acosta"", ""relates_to"", ""First_Amendment_rights""], [""Jim_Acosta"", ""relates_to"", ""Sarah_Sanders""], [""Sarah_Sanders"", ""relates_to"", ""power_grid""], [""Sarah_Sanders"", ""relates_to"", ""Kremlin""], [""Sarah_Sanders"", ""connected_to"", ""Judiciary_Committee""], [""Kremlin"", ""controls"", ""Saudi_Arabia""], [""Kremlin"", ""controls"", ""police""]]","The Judiciary Committee has a hearing and controls impeachment proceedings, while also announcing the articles of impeachment. In a separate context, Jim Acosta participates in a press conference and relates to First Amendment rights. Additionally, Sarah Sanders relates to the power grid. Furthermore, the Kremlin exerts control over Saudi Arabia and the police.","[[""Judiciary_Committee"", ""has"", ""hearing""], [""Judiciary_Committee"", ""controls"", ""impeachment_proceedings""], [""Judiciary_Committee"", ""announces"", ""articles_of_impeachment""], [""Jim_Acosta"", ""participates_in"", ""press_conference""], [""Jim_Acosta"", ""relates_to"", ""First_Amendment_rights""], [""Sarah_Sanders"", ""relates_to"", ""power_grid""], [""Kremlin"", ""exerts_control_over"", ""Saudi_Arabia""], [""Kremlin"", ""exerts_control_over"", ""police""]]"
90,"The South African rand controls the Mexican peso and is raising its value, while also relating to emerging markets. Additionally, various economies impact trade and interest rates, and these same economies are related to central banks. In the context of political dynamics, the election controls both Abdel Fattah Al Sisi and the Islamic State. Argentina impacts these economies and relates to both the South African rand and the election.","[[""South_African_rand"", ""controls"", ""Mexican_peso""], [""South_African_rand"", ""raising"", ""its_value""], [""South_African_rand"", ""relating_to"", ""emerging_markets""], [""economies"", ""impact"", ""trade""], [""economies"", ""impact"", ""interest_rates""], [""economies"", ""related_to"", ""central_banks""], [""election"", ""controls"", ""Abdel_Fattah_Al_Sisi""], [""election"", ""controls"", ""Islamic_State""], [""Argentina"", ""impacts"", ""economies""], [""Argentina"", ""relates_to"", ""South_African_rand""], [""Argentina"", ""relates_to"", ""election""]]","The South African rand controls the Mexican peso and has raised its value, while relating to broader trends in emerging markets. Economies have an impact on trade and interest rates, and they also relate to the activities of central banks. Furthermore, the election controls both Abdel Fattah Al Sisi and the Islamic State, highlighting the political dynamics in the region. Additionally, Argentina impacts economies and has relations with both the South African rand and the election, indicating its influence within the broader economic landscape.","[[""South_African_rand"", ""controls"", ""Mexican_peso""], [""South_African_rand"", ""raised"", ""its_value""], [""South_African_rand"", ""relating_to"", ""emerging_markets""], [""economies"", ""impact"", ""trade""], [""economies"", ""impact"", ""interest_rates""], [""economies"", ""relate_to"", ""central_banks""], [""election"", ""controls"", ""Abdel_Fattah_Al_Sisi""], [""election"", ""controls"", ""Islamic_State""], [""Argentina"", ""impacts"", ""economies""], [""Argentina"", ""has_relations_with"", ""South_African_rand""], [""Argentina"", ""has_relations_with"", ""election""]]"
91,"Turkish officials are responsible for controlling Ankara and primarily operate within Turkey. These officials are related to Jamal Khashoggi, an association that draws attention due to Khashoggi's connections with the Washington Post and the controversial audio recording linked to him. Ankara, governed by Turkish officials, has a significant impact on regional dynamics, affecting Greece and Cyprus in various diplomatic and geopolitical capacities.","[[""Turkish_officials"", ""responsible_for"", ""Ankara""], [""Turkish_officials"", ""operate_in"", ""Turkey""], [""Turkish_officials"", ""related_to"", ""Jamal_Khashoggi""], [""Jamal_Khashoggi"", ""associated_with"", ""Washington_Post""], [""Jamal_Khashoggi"", ""linked_to"", ""audio_recording""], [""Ankara"", ""governed_by"", ""Turkish_officials""], [""Ankara"", ""affects"", ""Greece""], [""Ankara"", ""affects"", ""Cyprus""], [""Turkish_officials"", ""control"", ""Ankara""]]","Turkish officials exercise control over Ankara, the capital city, and are actively involved in operations throughout Turkey. The officials are also connected to Jamal Khashoggi, whose ties extend to the Washington Post as well as to an audio recording that has significance in global discourse. Ankara itself impacts both Greece and Cyprus, creating political and economic ripples in these neighboring countries.","[[""Turkish_officials"", ""exercise_control_over"", ""Ankara""], [""Ankara"", ""capital_of"", ""Turkey""], [""Turkish_officials"", ""involved_in"", ""Turkey""], [""Turkish_officials"", ""connected_to"", ""Jamal_Khashoggi""], [""Jamal_Khashoggi"", ""ties_to"", ""Washington_Post""], [""Jamal_Khashoggi"", ""ties_to"", ""audio_recording""], [""Ankara"", ""impacts"", ""Greece""], [""Ankara"", ""impacts"", ""Cyprus""], [""Ankara"", ""creates_ripples_in"", ""Greece""], [""Ankara"", ""creates_ripples_in"", ""Cyprus""]]"
92,"U.S. stocks have the potential to raise the prospects of the Technology Sector, a dynamic area in economic growth. Corporate Earnings serve as a key factor impacting government operations within the United States. These earnings are closely related to the value of the U.S. Dollar and the performance of U.S. stocks, demonstrating a significant interplay within the economy. The government, operating within the United States, exerts control over Democratic Institutions and has an impactful role in societal dynamics, evidenced by its effect on Protests.","[[""U.S._stocks"", ""related_to"", ""Technology_Sector""], [""Technology_Sector"", ""characterized_as"", ""dynamic_area_in_economic_growth""], [""Corporate_Earnings"", ""impact"", ""government_operations""], [""government_operations"", ""located_in"", ""United_States""], [""Corporate_Earnings"", ""related_to"", ""U.S._Dollar""], [""Corporate_Earnings"", ""related_to"", ""U.S._stocks""], [""U.S._stocks"", ""impact"", ""economy""], [""government"", ""exerts_control_over"", ""Democratic_Institutions""], [""government"", ""located_in"", ""United_States""], [""government"", ""impact"", ""societal_dynamics""], [""government"", ""effect_on"", ""Protests""]]","U.S. stocks have experienced a decrease, particularly impacting the Technology Sector. Corporate earnings play a crucial role in this scenario as they impact the government, which operates within the United States, and they are closely related to both the U.S. Dollar and U.S. stocks. The government, in turn, controls democratic institutions and its actions can significantly impact the occurrence of protests.","[[""U.S._stocks"", ""experienced_decrease"", ""None""], [""U.S._stocks"", ""impact"", ""Technology_Sector""], [""Corporate_earnings"", ""play_crucial_role"", ""None""], [""Corporate_earnings"", ""impact"", ""government""], [""government"", ""operates_in"", ""United_States""], [""Corporate_earnings"", ""related_to"", ""U.S._Dollar""], [""Corporate_earnings"", ""related_to"", ""U.S._stocks""], [""government"", ""controls"", ""democratic_institutions""], [""government"", ""impact"", ""occurrence_of_protests""]]"
93,"U.S. Economic Data exerts a significant influence on U.S. stocks and the U.S. Dollar, often affecting market trends and economic decisions. This data, however, can have a negative impact on the Treasury, which in turn influences the activities and strategies of market participants.","[[""U.S._Economic_Data"", ""exerts_influence_on"", ""U.S._stocks""], [""U.S._Economic_Data"", ""exerts_influence_on"", ""U.S._Dollar""], [""U.S._Economic_Data"", ""affects"", ""market_trends""], [""U.S._Economic_Data"", ""affects"", ""economic_decisions""], [""U.S._Economic_Data"", ""has_negative_impact_on"", ""Treasury""], [""Treasury"", ""influences"", ""market_participants""], [""Treasury"", ""influences"", ""activities_of_market_participants""], [""Treasury"", ""influences"", ""strategies_of_market_participants""]]","U.S. Economic Data exerts a powerful influence over the financial landscape, with notable impacts on both U.S. stocks and the U.S. Dollar. However, this data can have a negative impact on the Treasury, which, in turn, significantly affects market participants.","[[""U.S._Economic_Data"", ""exerts_influence_on"", ""U.S._stocks""], [""U.S._Economic_Data"", ""exerts_influence_on"", ""U.S._Dollar""], [""U.S._Economic_Data"", ""exerts_influence_on"", ""financial_landscape""], [""U.S._Economic_Data"", ""has_negative_impact_on"", ""Treasury""], [""Treasury"", ""affects"", ""market_participants""]]"
94,"New York exerts control over New York State and influential entities like Meta Platforms Inc., while also serving as a hub for technology companies. Sean Patrick Maloney plays a significant role in this vibrant locale by introducing the New York Attorney General, operating actively within New York's dynamic environment, and participating in significant political events such as the New York Democratic Primary.","[[""New_York"", ""exerts_control_over"", ""New_York_State""], [""New_York"", ""exerts_control_over"", ""Meta_Platforms_Inc""], [""New_York"", ""hub_for"", ""technology_companies""], [""Sean_Patrick_Maloney"", ""introduces"", ""New_York_Attorney_General""], [""Sean_Patrick_Maloney"", ""operates_in"", ""New_York""], [""Sean_Patrick_Maloney"", ""participates_in"", ""New_York_Democratic_Primary""]]","New York exerts control over Djibouti and Meta Platforms Inc., showcasing its influence in these regions and companies. Furthermore, New York operates in the realm of technology companies, indicating its active involvement in this sector. In a related political and economic context, Michael Gove has introduced the Department of Commerce, potentially expanding its reach and impact. Additionally, Michael Gove operates within New York, highlighting his role and activities in this city, and actively participates in the New York Democratic Primary, which could influence political outcomes in the region.","[[""New_York"", ""exerts_control_over"", ""Djibouti""], [""New_York"", ""exerts_control_over"", ""Meta_Platforms_Inc""], [""New_York"", ""operates_in"", ""technology_companies""], [""Michael_Gove"", ""introduces"", ""Department_of_Commerce""], [""Michael_Gove"", ""operates_in"", ""New_York""], [""Michael_Gove"", ""participates_in"", ""New_York_Democratic_Primary""], [""Department_of_Commerce"", ""potentially_expands_reach_in"", ""New_York""]]"
95,"Kellyanne Conway, who is a member of the Trump campaign, has associations with both the House committee and Elijah Cummings. Elijah Cummings notably controls entities such as the Committee and the House Oversight Committee, illustrating his influential role in governance and oversight activities.","[[""Kellyanne_Conway"", ""member_of"", ""Trump_campaign""], [""Kellyanne_Conway"", ""associated_with"", ""House_committee""], [""Kellyanne_Conway"", ""associated_with"", ""Elijah_Cummings""], [""Elijah_Cummings"", ""controls"", ""Committee""], [""Elijah_Cummings"", ""controls"", ""House_Oversight_Committee""], [""Elijah_Cummings"", ""has_influential_role_in"", ""governance""], [""Elijah_Cummings"", ""has_influential_role_in"", ""oversight_activities""]]","Kellyanne Conway is a member of the Trump campaign and has connections with the House committee as well as with Elijah Cummings. Elijah Cummings controls both the Committee and the House Oversight Committee, establishing his significant influence within these legislative bodies.","[[""Kellyanne_Conway"", ""member_of"", ""Trump_campaign""], [""Kellyanne_Conway"", ""connected_with"", ""House_committee""], [""Kellyanne_Conway"", ""connected_with"", ""Elijah_Cummings""], [""Elijah_Cummings"", ""controls"", ""Committee""], [""Elijah_Cummings"", ""controls"", ""House_Oversight_Committee""], [""Elijah_Cummings"", ""has_significant_influence_in"", ""legislative_bodies""]]"
96,"Mergers and acquisitions have a positive impact on the health-care market while also significantly impacting the global economy and financial markets. These influences on financial markets, in turn, have a direct impact on interest rates. Additionally, this dynamic is associated with a decrease in the likelihood of an interest-rate increase.","[[""Mergers_and_acquisitions"", ""have_positive_impact_on"", ""health-care_market""], [""Mergers_and_acquisitions"", ""impact"", ""global_economy""], [""Mergers_and_acquisitions"", ""impact"", ""financial_markets""], [""Influences_on_financial_markets"", ""have_direct_impact_on"", ""interest_rates""], [""Mergers_and_acquisitions"", ""associated_with"", ""decrease_in_likelihood_of_interest-rate_increase""]]","Mergers and acquisitions have a positive impact on the Health-Care Market by potentially increasing efficiencies and driving innovation. These activities also play a significant role in shaping the Global Economy and influence Financial markets through changes in corporate structures and investment strategies. As financial markets respond to such mergers and acquisitions, there is an impact on Interest Rates, which are crucial for economic decision-making. Additionally, activity in the financial markets can lead to a decrease in the likelihood of an Interest-Rate Increase, reflecting adjustments in investor expectations and market conditions.","[[""Mergers_and_acquisitions"", ""have_positive_impact_on"", ""Health-Care_Market""], [""Mergers_and_acquisitions"", ""increase"", ""efficiencies""], [""Mergers_and_acquisitions"", ""drive"", ""innovation""], [""Mergers_and_acquisitions"", ""shape"", ""Global_Economy""], [""Mergers_and_acquisitions"", ""influence"", ""Financial_markets""], [""Mergers_and_acquisitions"", ""change"", ""corporate_structures""], [""Mergers_and_acquisitions"", ""change"", ""investment_strategies""], [""Financial_markets"", ""respond_to"", ""Mergers_and_acquisitions""], [""Financial_markets"", ""impact"", ""Interest_Rates""], [""Interest_Rates"", ""crucial_for"", ""economic_decision-making""], [""Financial_markets"", ""lead_to"", ""decrease_in_likelihood_of_Interest-Rate_Increase""], [""Decrease_in_likelihood_of_Interest-Rate_Increase"", ""reflect"", ""adjustments_in_investor_expectations""], [""Decrease_in_likelihood_of_Interest-Rate_Increase"", ""reflect"", ""market_conditions""]]"
97,"Lawmakers operate within the state government and have a connection to Donald Trump. Mrs. Theresa May exerts control over immigration policies and also has authority over lawmakers, while operating in Northern Ireland. Jeremy Corbyn has announced a new strategy and is related to both Mrs. Theresa May and Hezbollah. Hezbollah, which operates in Tehran, has connections to the Syria conflict and Saudi Arabia.","[[""Lawmakers"", ""operate_in"", ""state_government""], [""Lawmakers"", ""connected_to"", ""Donald_Trump""], [""Mrs._Theresa_May"", ""exerts_control_over"", ""immigration_policies""], [""Mrs._Theresa_May"", ""exerts_control_over"", ""Lawmakers""], [""Mrs._Theresa_May"", ""operates_in"", ""Northern_Ireland""], [""Jeremy_Corbyn"", ""announced"", ""new_strategy""], [""Jeremy_Corbyn"", ""related_to"", ""Mrs._Theresa_May""], [""Jeremy_Corbyn"", ""related_to"", ""Hezbollah""], [""Hezbollah"", ""operates_in"", ""Tehran""], [""Hezbollah"", ""connected_to"", ""Syria_conflict""], [""Hezbollah"", ""connected_to"", ""Saudi_Arabia""]]","Lawmakers operate within the framework of the State Government and maintain a connection to Donald Trump. Mrs. Theresa May holds the reins over both Immigration Policies and lawmakers, while also operating in Northern Ireland. Jeremy Corbyn has announced a new strategy, tying his actions to Mrs. Theresa May and also having connections to Hezbollah. Hezbollah is related to Saudi Arabia, operates with a presence in Tehran, and has links to the Syria Conflict.","[[""Lawmakers"", ""operate_in"", ""State_Government""], [""Lawmakers"", ""connected_to"", ""Donald_Trump""], [""Mrs._Theresa_May"", ""holds_reins_over"", ""Immigration_Policies""], [""Mrs._Theresa_May"", ""holds_reins_over"", ""Lawmakers""], [""Mrs._Theresa_May"", ""operates_in"", ""Northern_Ireland""], [""Jeremy_Corbyn"", ""announced"", ""new_strategy""], [""Jeremy_Corbyn"", ""connected_to"", ""Mrs._Theresa_May""], [""Jeremy_Corbyn"", ""connected_to"", ""Hezbollah""], [""Hezbollah"", ""operates_in"", ""Tehran""], [""Hezbollah"", ""related_to"", ""Saudi_Arabia""], [""Hezbollah"", ""linked_to"", ""Syria_Conflict""]]"
98,"The Cboe Volatility Index, which operates on Wall Street, has a significant impact on both stocks and the entire US Stock Market. In turn, stocks can adversely affect the U.S. Dollar and have a broader impact on retailers.","[[""Cboe_Volatility_Index"", ""operates_on"", ""Wall_Street""], [""Cboe_Volatility_Index"", ""impact_on"", ""stocks""], [""Cboe_Volatility_Index"", ""impact_on"", ""US_Stock_Market""], [""stocks"", ""adversely_affect"", ""U.S._Dollar""], [""stocks"", ""impact_on"", ""retailers""]]","The Cboe Volatility Index, which operates on Wall Street, significantly impacts both the US Stock Market and stocks in general. This influence on stocks, in turn, negatively impacts the U.S. Dollar and affects retailers.","[[""Cboe_Volatility_Index"", ""operates_on"", ""Wall_Street""], [""Cboe_Volatility_Index"", ""impact_on"", ""US_Stock_Market""], [""Cboe_Volatility_Index"", ""impact_on"", ""stocks""], [""stocks"", ""negatively_impact"", ""U.S._Dollar""], [""stocks"", ""affect"", ""retailers""]]"
99,"Wage gains have a negative impact on Fed Policy and also significantly impact inflation. Furthermore, wage gains relate to economic expansion, which participates in global growth and relates to tax cuts. Inflation negatively impacts bond prices while concurrently having a positive impact on the Federal Reserve interest rate. Additionally, inflation impacts the Pakistan economy. Economic expansion is associated with economists, highlighting the interconnectedness between these financial aspects.","[[""Wage_gains"", ""negative_impact_on"", ""Fed_Policy""], [""Wage_gains"", ""significant_impact_on"", ""inflation""], [""Wage_gains"", ""relate_to"", ""economic_expansion""], [""Economic_expansion"", ""participates_in"", ""global_growth""], [""Economic_expansion"", ""relates_to"", ""tax_cuts""], [""Inflation"", ""negative_impact_on"", ""bond_prices""], [""Inflation"", ""positive_impact_on"", ""Federal_Reserve_interest_rate""], [""Inflation"", ""impacts"", ""Pakistan_economy""], [""Economic_expansion"", ""associated_with"", ""economists""]]","Wage gains have a significant impact on inflation and are also related to economic expansion. These wage gains exert a positive impact on Fed policy, suggesting that as wages rise, policymakers may adjust their strategies accordingly. In turn, inflation negatively impacts bond prices while simultaneously having a positive effect on the Federal Reserve interest rate. Furthermore, inflation affects the Pakistan economy. Economic expansion, which relates to both economists and tax cuts, plays an active role in participating in global growth, highlighting its importance in the broader economic landscape.","[[""Wage_gains"", ""significant_impact_on"", ""inflation""], [""Wage_gains"", ""related_to"", ""economic_expansion""], [""Wage_gains"", ""positive_impact_on"", ""Fed_policy""], [""Inflation"", ""negative_impact_on"", ""bond_prices""], [""Inflation"", ""positive_effect_on"", ""Federal_Reserve_interest_rate""], [""Inflation"", ""affects"", ""Pakistan_economy""], [""Economic_expansion"", ""relates_to"", ""economists""], [""Economic_expansion"", ""relates_to"", ""tax_cuts""], [""Economic_expansion"", ""participates_in"", ""global_growth""]]"
100,"FBI Director Christopher Wray is a member of the President Trump Administration, which has control over health policy and also influences Nancy Pelosi and the inflation measure. Additionally, FBI Director Christopher Wray controls the Federal Bureau of Investigation, indicating his authoritative role within that agency.","[[""Christopher_Wray"", ""member_of"", ""President_Trump_Administration""], [""President_Trump_Administration"", ""control_over"", ""health_policy""], [""President_Trump_Administration"", ""influences"", ""Nancy_Pelosi""], [""President_Trump_Administration"", ""influences"", ""inflation_measure""], [""Christopher_Wray"", ""controls"", ""Federal_Bureau_of_Investigation""]]","FBI Director Christopher Wray is a member of the President Trump Administration and controls the Federal Bureau of Investigation. The President Trump Administration also has control over health policy and impacts figures such as Nancy Pelosi, as well as influencing inflation measures.","[[""Christopher_Wray"", ""member_of"", ""President_Trump_Administration""], [""Christopher_Wray"", ""controls"", ""Federal_Bureau_of_Investigation""], [""President_Trump_Administration"", ""control_over"", ""health_policy""], [""President_Trump_Administration"", ""impacts"", ""Nancy_Pelosi""], [""President_Trump_Administration"", ""influences"", ""inflation_measures""]]"
101,"Kirstjen Nielsen relates to the Department of Homeland Security and has oversight of Immigration Proceedings while also relating to issues concerning the border. The Department of Homeland Security operates in areas such as Security and the Inspector General Report, and it controls the U.S. Citizenship and Immigration Services. This agency is responsible for announcing New Rules and also controls the Asylum Application process while operating in U.S. courts.","[[""Kirstjen_Nielsen"", ""relates_to"", ""Department_of_Homeland_Security""], [""Kirstjen_Nielsen"", ""oversight_of"", ""Immigration_Proceedings""], [""Kirstjen_Nielsen"", ""relates_to"", ""border""], [""Department_of_Homeland_Security"", ""operates_in"", ""Security""], [""Department_of_Homeland_Security"", ""operates_in"", ""Inspector_General_Report""], [""Department_of_Homeland_Security"", ""controls"", ""U.S._Citizenship_and_Immigration_Services""], [""U.S._Citizenship_and_Immigration_Services"", ""announces"", ""New_Rules""], [""U.S._Citizenship_and_Immigration_Services"", ""controls"", ""Asylum_Application_process""], [""U.S._Citizenship_and_Immigration_Services"", ""operates_in"", ""U.S._courts""]]",Kirstjen Nielsen has authority over Immigration Proceedings and is related to the border. The Department of Homeland Security operates in the domains of Security and the Inspector General Report. U.S. Citizenship and Immigration Services announces New Rules while controlling the Asylum Application process and operating within U.S. courts.,"[[""Kirstjen_Nielsen"", ""authority_over"", ""Immigration_Proceedings""], [""Kirstjen_Nielsen"", ""related_to"", ""border""], [""Department_of_Homeland_Security"", ""operates_in"", ""Security""], [""Department_of_Homeland_Security"", ""operates_in"", ""Inspector_General_Report""], [""U.S._Citizenship_and_Immigration_Services"", ""announces"", ""New_Rules""], [""U.S._Citizenship_and_Immigration_Services"", ""controls"", ""Asylum_Application_process""], [""U.S._Citizenship_and_Immigration_Services"", ""operates_in"", ""U.S._courts""]]"
102,"Amy Coney Barrett, who operates in Indiana, has a Supreme Court nomination. This nomination is connected to the Republican Party, highlighting the political context surrounding her candidacy. Furthermore, Amy Coney Barrett is also associated with religious conservatives, which underscores an additional layer of support within certain ideological groups.","[[""Amy_Coney_Barrett"", ""operates_in"", ""Indiana""], [""Amy_Coney_Barrett"", ""has"", ""Supreme_Court_nomination""], [""Supreme_Court_nomination"", ""connected_to"", ""Republican_Party""], [""Amy_Coney_Barrett"", ""associated_with"", ""Religious_Conservatives""]]","Amy Coney Barrett, known for her connections with Religious Conservatives, holds a Supreme Court nomination. This nomination is related to broader societal issues, including those addressed by the Campaign for a Commercial-Free Childhood. While her influence extends to diverse regions, Amy Coney Barrett also operates in Libya, bringing attention to her role on the international stage.","[[""Amy_Coney_Barrett"", ""holds"", ""Supreme_Court_nomination""], [""Supreme_Court_nomination"", ""related_to"", ""broader_societal_issues""], [""Supreme_Court_nomination"", ""addresses_issues_of"", ""Campaign_for_a_Commercial-Free_Childhood""], [""Amy_Coney_Barrett"", ""connected_to"", ""Religious_Conservatives""], [""Amy_Coney_Barrett"", ""operates_in"", ""Libya""]]"
103,"Joseph Otting operates in the Office of the Comptroller of the Currency, and he also relates to the Consumer Financial Protection Bureau. Additionally, Joseph Otting has control over Wells Fargo, reflecting his significant influence within the financial regulatory landscape.","[[""Joseph_Otting"", ""operates_in"", ""Office_of_the_Comptroller_of_the_Currency""], [""Joseph_Otting"", ""relates_to"", ""Consumer_Financial_Protection_Bureau""], [""Joseph_Otting"", ""has_control_over"", ""Wells_Fargo""]]","Marc Short operates in the Federal Reserve Bank of San Francisco and has a relationship with the Consumer Financial Protection Bureau. Additionally, Marc Short controls Helix Opco LLC, indicating a significant influence over this entity.","[[""Marc_Short"", ""operates_in"", ""Federal_Reserve_Bank_of_San_Francisco""], [""Marc_Short"", ""has_relationship_with"", ""Consumer_Financial_Protection_Bureau""], [""Marc_Short"", ""controls"", ""Helix_Opco_LLC""]]"
104,"Cat Zakrzewski, who operates in the tech sector, is a member of WSJ and has contributed to raising the profile of The Wall Street Journal through her work.","[[""Cat_Zakrzewski"", ""operates_in"", ""tech_sector""], [""Cat_Zakrzewski"", ""member_of"", ""WSJ""], [""Cat_Zakrzewski"", ""contributes_to"", ""The_Wall_Street_Journal""], [""Cat_Zakrzewski"", ""raises_profile_of"", ""The_Wall_Street_Journal""]]","Cat Zakrzewski is a member of WSJ and operates in the tech sector. Additionally, Cat Zakrzewski plays a role in decreasing the influence or perhaps certain aspects of The Wall Street Journal in relation to her work.","[[""Cat_Zakrzewski"", ""member_of"", ""WSJ""], [""Cat_Zakrzewski"", ""operates_in"", ""tech_sector""], [""Cat_Zakrzewski"", ""decreases_influence_of"", ""The_Wall_Street_Journal""]]"
105,"Matt Bevin is connected to the realms of economic development, showcasing his interest or involvement in matters that pertain to financial growth and policies. His name also surfaces in discussions surrounding the impeachment inquiry, indicating a possible link or relevance to political investigations and legal proceedings. Furthermore, Matt Bevin shares a relationship with Donald Trump, which might encompass political affiliations, shared policies, or mutual influence in the political and economic landscape.","[[""Matt_Bevin"", ""connected_to"", ""economic_development""], [""Matt_Bevin"", ""interested_in"", ""financial_growth""], [""Matt_Bevin"", ""involved_in"", ""policies""], [""Matt_Bevin"", ""mentioned_in"", ""impeachment_inquiry""], [""Matt_Bevin"", ""related_to"", ""political_investigations""], [""Matt_Bevin"", ""related_to"", ""legal_proceedings""], [""Matt_Bevin"", ""shares_relationship_with"", ""Donald_Trump""], [""Matt_Bevin"", ""possibly_linked_to"", ""political_affiliations""], [""Matt_Bevin"", ""possibly_linked_to"", ""shared_policies""], [""Matt_Bevin"", ""possibly_linked_to"", ""mutual_influence""], [""Donald_Trump"", ""has_relationship_with"", ""Matt_Bevin""]]","Jason Van Dyke is connected through several significant developments, including a new law, an impeachment inquiry, and the discourse surrounding presidential candidates. These relationships indicate the influence or relevance of Jason Van Dyke within various legal and political contexts.","[[""Jason_Van_Dyke"", ""connected_to"", ""new_law""], [""Jason_Van_Dyke"", ""connected_to"", ""impeachment_inquiry""], [""Jason_Van_Dyke"", ""connected_to"", ""discourse_surrounding_presidential_candidates""], [""Jason_Van_Dyke"", ""has_influence_in"", ""legal_contexts""], [""Jason_Van_Dyke"", ""has_influence_in"", ""political_contexts""], [""new_law"", ""related_to"", ""Jason_Van_Dyke""], [""impeachment_inquiry"", ""related_to"", ""Jason_Van_Dyke""], [""discourse_surrounding_presidential_candidates"", ""related_to"", ""Jason_Van_Dyke""]]"
106,"Sheryl Sandberg operates in Meta Platforms Inc. and is a member of the Chief Operating Officer position. Additionally, Sheryl Sandberg relates to the Senate Intelligence Committee, which has James Comey as a notable figure. The Senate Intelligence Committee also relates to the topics of Russian election interference and Russia Interference.","[[""Sheryl_Sandberg"", ""operates_in"", ""Meta_Platforms_Inc""], [""Sheryl_Sandberg"", ""member_of"", ""Chief_Operating_Officer""], [""Sheryl_Sandberg"", ""relates_to"", ""Senate_Intelligence_Committee""], [""James_Comey"", ""notable_figure_of"", ""Senate_Intelligence_Committee""], [""Senate_Intelligence_Committee"", ""relates_to"", ""Russian_election_interference""], [""Senate_Intelligence_Committee"", ""relates_to"", ""Russia_Interference""]]","Sheryl Sandberg operates in Meta Platforms Inc. and serves as the Chief Operating Officer of the company. Meanwhile, the Senate Intelligence Committee has James Comey as a member, and it relates to issues surrounding Russian election interference, as well as other aspects of Russia Interference.","[[""Sheryl_Sandberg"", ""operates_in"", ""Meta_Platforms_Inc""], [""Sheryl_Sandberg"", ""serves_as"", ""Chief_Operating_Officer""], [""Sheryl_Sandberg"", ""works_at"", ""Meta_Platforms_Inc""], [""James_Comey"", ""member_of"", ""Senate_Intelligence_Committee""], [""Senate_Intelligence_Committee"", ""relates_to"", ""Russian_election_interference""], [""Senate_Intelligence_Committee"", ""relates_to"", ""Russia_Interference""]]"
107,"Ukraine has a notable relationship with issues of corruption. An impeachment inquiry, which is related to Ukraine, notably impacted Donald Trump. In the context of the impeachment inquiry, House Committees play a significant role, operating within this process and exercising control over the issuance of subpoenas.","[[""Ukraine"", ""related_to"", ""issues_of_corruption""], [""impeachment_inquiry"", ""related_to"", ""Ukraine""], [""impeachment_inquiry"", ""impacted"", ""Donald_Trump""], [""House_Committees"", ""play_significant_role_in"", ""impeachment_inquiry""], [""House_Committees"", ""operate_within"", ""impeachment_inquiry""], [""House_Committees"", ""exercise_control_over"", ""issuance_of_subpoenas""]]","Ukraine has been related to issues of corruption, a topic that has gained significant attention in recent times. One notable event impacting this discourse is the impeachment inquiry, which affects Donald Trump and is also related to Ukraine itself. In the context of this inquiry, House Committees possess control over subpoenas, an essential tool in their investigative process.","[[""Ukraine"", ""related_to"", ""issues_of_corruption""], [""issues_of_corruption"", ""gained_attention_in"", ""recent_times""], [""impeachment_inquiry"", ""related_to"", ""Ukraine""], [""impeachment_inquiry"", ""affects"", ""Donald_Trump""], [""impeachment_inquiry"", ""related_to"", ""Ukraine""], [""House_Committees"", ""possess_control_over"", ""subpoenas""], [""subpoenas"", ""essential_tool_in"", ""investigative_process""], [""House_Committees"", ""part_of"", ""investigative_process""]]"
108,"The House of Commons holds a vital role within the government structure, specifically relating to both the government and the British Government. It exercises control over the Brexit Deal, a pivotal agreement with considerable consequences. The Brexit Deal, under the jurisdiction of the House of Commons, impacts the European Economy, indicating significant financial and economic ramifications for the region. Additionally, the agreement has an adverse effect on the British Pound, highlighting a negative impact on currency stability. Moreover, the deal influences companies, suggesting diverse implications for business operations and economic strategies in the aftermath of the Brexit deal.","[[""House_of_Commons"", ""part_of"", ""government_structure""], [""House_of_Commons"", ""relates_to"", ""government""], [""House_of_Commons"", ""relates_to"", ""British_Government""], [""House_of_Commons"", ""exercises_control_over"", ""Brexit_Deal""], [""Brexit_Deal"", ""under_jurisdiction_of"", ""House_of_Commons""], [""Brexit_Deal"", ""impacts"", ""European_Economy""], [""Brexit_Deal"", ""has_effect_on"", ""British_Pound""], [""British_Pound"", ""affected_by"", ""Brexit_Deal""], [""Brexit_Deal"", ""influences"", ""companies""], [""companies"", ""affected_by"", ""Brexit_Deal""]]","The House of Commons is intricately related to the government and the British Government, serving as a central legislative body that influences significant national decisions. It plays a controlling role in the formulation and approval of the Brexit Deal. This deal has considerable impacts, affecting the European Economy and having a negative impact on the British Pound. Moreover, the Brexit Deal exerts influence over various companies, possibly affecting their operations and strategic planning within and outside the UK.","[[""House_of_Commons"", ""part_of"", ""government""], [""House_of_Commons"", ""related_to"", ""British_Government""], [""House_of_Commons"", ""influences"", ""national_decisions""], [""House_of_Commons"", ""plays_role_in"", ""formulation_of_Brexit_Deal""], [""House_of_Commons"", ""approves"", ""Brexit_Deal""], [""Brexit_Deal"", ""affects"", ""European_Economy""], [""Brexit_Deal"", ""has_negative_impact_on"", ""British_Pound""], [""Brexit_Deal"", ""influences"", ""companies""], [""companies"", ""affected_by"", ""Brexit_Deal""], [""companies"", ""affects"", ""business_operations""], [""companies"", ""affects"", ""economic_strategies""]]"
109,"Palestinian health authorities have a negative impact on demonstrations, which are taking place in Hong Kong. Hong Kong is not only an area where these demonstrations are happening, but it also has associations with trade and the political framework known as One Country, Two Systems.","[[""Palestinian_health_authorities"", ""have_negative_impact_on"", ""demonstrations""], [""demonstrations"", ""taking_place_in"", ""Hong_Kong""], [""Hong_Kong"", ""associated_with"", ""trade""], [""Hong_Kong"", ""governed_by"", ""One_Country_Two_Systems""]]","The Palestinian health authorities have had a negative impact on demonstrations, which have been occurring in Hong Kong. Hong Kong, known for its unique governance under the principle of One Country, Two Systems, is also closely related to Trade, highlighting its significant role in global economic exchanges.","[[""Palestinian_health_authorities"", ""have_negative_impact_on"", ""demonstrations""], [""demonstrations"", ""occurring_in"", ""Hong_Kong""], [""Hong_Kong"", ""known_for"", ""unique_governance""], [""Hong_Kong"", ""governed_by"", ""One_Country_Two_Systems""], [""Hong_Kong"", ""closely_related_to"", ""Trade""], [""Trade"", ""role_in"", ""global_economic_exchanges""]]"
110,"Protests can negatively impact democracy and justice by challenging existing systems and creating social unrest. These protests often participate in demonstrations, which are public displays of dissent or support for various causes. Justice, which is vital for maintaining social order, relates to figures like William Barr, who have played significant roles in the legal framework. Justice is also connected to litigation, a process that seeks to resolve disputes through legal proceedings.","[[""Protests"", ""impact"", ""democracy""], [""Protests"", ""impact"", ""justice""], [""Protests"", ""participate_in"", ""demonstrations""], [""Demonstrations"", ""are"", ""public_displays_of_dissent""], [""Demonstrations"", ""are"", ""public_displays_of_support""], [""Justice"", ""maintains"", ""social_order""], [""William_Barr"", ""played_role_in"", ""legal_framework""], [""Justice"", ""relates_to"", ""William_Barr""], [""Justice"", ""relates_to"", ""litigation""], [""Litigation"", ""seeks_to_resolve"", ""disputes""], [""Litigation"", ""uses"", ""legal_proceedings""]]","Protests have a dual role in societal dynamics where they can participate in demonstrations, serving as a channel for public expression and activism. However, they also have the potential to negatively impact democracy, especially when protests lead to instability or disrupt democratic processes.","[[""Protests"", ""participate_in"", ""demonstrations""], [""Demonstrations"", ""are"", ""channel_for_public_expression""], [""Demonstrations"", ""are"", ""channel_for_activism""], [""Protests"", ""impact"", ""democracy""], [""Protests"", ""lead_to"", ""instability""], [""Protests"", ""disrupt"", ""democratic_processes""]]"
74,"Treasury Notes play a significant role in the financial landscape by influencing various economic parameters. They are known to raise Yield, which is closely related to Bond Prices. However, an increase in Yield negatively impacts Housing Starts and Economic growth, highlighting its broad economic implications. Additionally, Treasury Notes impact Borrowing Cost and have a connection with stocks. In turn, these stocks negatively impact the Gold Price, underscoring the interconnectedness of these financial elements.","[[""Treasury_Notes"", ""influence"", ""economic_parameters""], [""Treasury_Notes"", ""raise"", ""Yield""], [""Yield"", ""related_to"", ""Bond_Prices""], [""Yield"", ""negatively_impacts"", ""Housing_Starts""], [""Yield"", ""negatively_impacts"", ""Economic_growth""], [""Treasury_Notes"", ""impact"", ""Borrowing_Cost""], [""Treasury_Notes"", ""connected_to"", ""stocks""], [""stocks"", ""negatively_impact"", ""Gold_Price""]]","Treasury Notes have a significant role in the financial landscape, as they impact borrowing costs and are related to stocks. When Treasury Notes are issued, they raise the yield, which has a cascading effect on various economic indicators. The raised yield negatively impacts housing starts and economic growth, while it is closely related to bond prices. Moreover, stocks themselves can have a negative impact on the gold price, adding another layer to the intricate web of financial relationships triggered by movements in Treasury Notes and yield dynamics.","[[""Treasury_Notes"", ""impact"", ""borrowing_costs""], [""Treasury_Notes"", ""related_to"", ""stocks""], [""Treasury_Notes"", ""raise"", ""yield""], [""yield"", ""raise"", ""Yield""], [""Yield"", ""negatively_impacts"", ""Housing_Starts""], [""Yield"", ""negatively_impacts"", ""Economic_growth""], [""Yield"", ""related_to"", ""Bond_Prices""], [""stocks"", ""negatively_impact"", ""Gold_Price""]]"
76,"Democracy is intrinsically related to both the Maduro Government and the occurrence of protests, indicating its foundational influence on governance structures and public dissent. Aung San Suu Kyi, a prominent political figure, exerts control over the military, a position that allows her to significantly impact the state of democracy. Her influence is further evidenced by the announcement of constitutional amendments, which serve as an important milestone reflecting her strategic initiatives in shaping democratic frameworks.","[[""Democracy"", ""related_to"", ""Maduro_Government""], [""Democracy"", ""related_to"", ""protests""], [""Democracy"", ""influence_on"", ""governance_structures""], [""Democracy"", ""influence_on"", ""public_dissent""], [""Aung_San_Suu_Kyi"", ""exerts_control_over"", ""military""], [""Aung_San_Suu_Kyi"", ""impact_on"", ""democracy""], [""Aung_San_Suu_Kyi"", ""announced"", ""constitutional_amendments""], [""constitutional_amendments"", ""reflect"", ""strategic_initiatives""], [""constitutional_amendments"", ""part_of"", ""democratic_frameworks""]]","Democracy has connections to both the Maduro Government and various protests, signifying its relevance in different political contexts. Aung San Suu Kyi, a prominent figure in the political landscape, wields control over the Military and has a significant impact on democracy itself. Moreover, she has announced constitutional amendments aimed at shaping the future governance framework.","[[""Democracy"", ""connected_to"", ""Maduro_Government""], [""Democracy"", ""connected_to"", ""protests""], [""Democracy"", ""relevant_in"", ""political_contexts""], [""Aung_San_Suu_Kyi"", ""wields_control_over"", ""Military""], [""Aung_San_Suu_Kyi"", ""impact_on"", ""democracy""], [""Aung_San_Suu_Kyi"", ""announced"", ""constitutional_amendments""], [""constitutional_amendments"", ""aimed_at"", ""governance_framework""], [""constitutional_amendments"", ""part_of"", ""shaping_future_governance""]]"
77,"Giuseppe Conte is intricately related to the European Union, an entity he connects with through various channels. As a key figure, he exercises control over the Migration Crisis, demonstrating his influence on pressing issues within Europe. Moreover, Giuseppe Conte actively participates in the European Commission, an institution that has the authority over technological platforms like the Android mobile operating system and maintains a relationship with Private-Equity Firms. The European Union itself plays a significant role in controlling critical frameworks such as the EU Budget and the Rule of Law, both of which are essential pillars of its governance. Additionally, the European Union impacts trade deals, shaping economic interactions on a global scale.","[[""Giuseppe_Conte"", ""related_to"", ""European_Union""], [""Giuseppe_Conte"", ""exercises_control_over"", ""Migration_Crisis""], [""Giuseppe_Conte"", ""participates_in"", ""European_Commission""], [""European_Commission"", ""has_authority_over"", ""Android_mobile_operating_system""], [""European_Commission"", ""maintains_relationship_with"", ""Private-Equity_Firms""], [""European_Union"", ""controls"", ""EU_Budget""], [""European_Union"", ""controls"", ""Rule_of_Law""], [""EU_Budget"", ""essential_pillar_of"", ""European_Union_governance""], [""Rule_of_Law"", ""essential_pillar_of"", ""European_Union_governance""], [""European_Union"", ""impacts"", ""trade_deals""]]","Giuseppe Conte is intricately related to the European Union, where he exercises control over significant issues such as the migration crisis. He actively participates in the European Commission, an entity that exerts control over various aspects such as the Android mobile operating system and maintains a connection with private-equity firms. The European Union itself exercises control over the EU Budget and the Rule of Law, both crucial components of its governance framework. Furthermore, the EU exerts a notable impact on trade deals, influencing the economic landscape within and beyond its borders.","[[""Giuseppe_Conte"", ""related_to"", ""European_Union""], [""Giuseppe_Conte"", ""exercises_control_over"", ""migration_crisis""], [""Giuseppe_Conte"", ""participates_in"", ""European_Commission""], [""European_Commission"", ""exerts_control_over"", ""Android_mobile_operating_system""], [""European_Commission"", ""maintains_connection_with"", ""private-equity_firms""], [""European_Union"", ""exercises_control_over"", ""EU_Budget""], [""European_Union"", ""exercises_control_over"", ""Rule_of_Law""], [""EU_Budget"", ""crucial_component_of"", ""European_Union_governance_framework""], [""Rule_of_Law"", ""crucial_component_of"", ""European_Union_governance_framework""], [""European_Union"", ""exerts_influence_on"", ""trade_deals""]]"
111,"The Consumer Financial Protection Bureau exercises control over financial elements such as expenses, payday lending, and entities like American Express. Meanwhile, Matt Gaetz has relations with Republican lawmakers, who are connected to the Consumer Financial Protection Bureau. These lawmakers are influential, impacting significant events such as the Supreme Court nomination. Furthermore, they actively participate in national political events, such as the State of the Union Address.","[[""Consumer_Financial_Protection_Bureau"", ""exercises_control_over"", ""expenses""], [""Consumer_Financial_Protection_Bureau"", ""exercises_control_over"", ""payday_lending""], [""Consumer_Financial_Protection_Bureau"", ""exercises_control_over"", ""American_Express""], [""Matt_Gaetz"", ""has_relations_with"", ""Republican_lawmakers""], [""Republican_lawmakers"", ""connected_to"", ""Consumer_Financial_Protection_Bureau""], [""Republican_lawmakers"", ""influential_in"", ""significant_events""], [""significant_events"", ""includes"", ""Supreme_Court_nomination""], [""Republican_lawmakers"", ""participate_in"", ""national_political_events""], [""national_political_events"", ""includes"", ""State_of_the_Union_Address""]]","The Consumer Financial Protection Bureau exerts control over expenses, payday lending, and even American Express, playing a significant role in regulating financial practices. Meanwhile, Matt Gaetz, a prominent figure, is connected with Republican lawmakers, who themselves are related to the Consumer Financial Protection Bureau. These Republican lawmakers have an impact on key political decisions, such as Supreme Court nominations, and actively participate in important events like the State of the Union Address.","[[""Consumer_Financial_Protection_Bureau"", ""exerts_control_over"", ""expenses""], [""Consumer_Financial_Protection_Bureau"", ""exerts_control_over"", ""payday_lending""], [""Consumer_Financial_Protection_Bureau"", ""exerts_control_over"", ""American_Express""], [""Consumer_Financial_Protection_Bureau"", ""regulates"", ""financial_practices""], [""Matt_Gaetz"", ""connected_with"", ""Republican_lawmakers""], [""Republican_lawmakers"", ""related_to"", ""Consumer_Financial_Protection_Bureau""], [""Republican_lawmakers"", ""impact_on"", ""key_political_decisions""], [""key_political_decisions"", ""includes"", ""Supreme_Court_nominations""], [""Republican_lawmakers"", ""participate_in"", ""important_events""], [""important_events"", ""includes"", ""State_of_the_Union_Address""]]"
112,"The Nasdaq Composite, while primarily operating within the framework of Exchange-Traded Funds, has experienced a decrease, which resonates throughout the broader stock market. This stock market fluctuation positively impacts the Dow Jones Industrial Average, contributing to its movement. Conversely, such fluctuations have a negative impact on Economic Conditions, possibly leading to market uncertainty or instability. Furthermore, the stock market wields significant influence over the trade of Chinese goods, highlighting its substantial role in global economic interactions.","[[""Nasdaq_Composite"", ""operates_within"", ""Exchange-Traded_Funds""], [""Nasdaq_Composite"", ""experienced"", ""decrease""], [""decrease"", ""resonates_in"", ""broader_stock_market""], [""broader_stock_market"", ""impacts"", ""Dow_Jones_Industrial_Average""], [""Dow_Jones_Industrial_Average"", ""movement_influenced_by"", ""stock_market_fluctuation""], [""stock_market_fluctuation"", ""negatively_impacts"", ""Economic_Conditions""], [""Economic_Conditions"", ""possibly_leads_to"", ""market_uncertainty""], [""Economic_Conditions"", ""possibly_leads_to"", ""market_instability""], [""stock_market"", ""influences"", ""trade_of_Chinese_goods""], [""trade_of_Chinese_goods"", ""part_of"", ""global_economic_interactions""]]","The Nasdaq Composite operates within the Exchange-Traded Fund environment and has experienced a decrease in the stock market. The stock market itself has a complex role, exerting a positive impact on the Dow Jones Industrial Average, while simultaneously having a negative impact on economic conditions. Additionally, the stock market affects other areas, such as influencing the flow and demand of Chinese goods.","[[""Nasdaq_Composite"", ""operates_within"", ""Exchange-Traded_Fund_environment""], [""Nasdaq_Composite"", ""experienced"", ""decrease""], [""decrease"", ""occurs_in"", ""stock_market""], [""stock_market"", ""positively_impacts"", ""Dow_Jones_Industrial_Average""], [""stock_market"", ""negatively_impacts"", ""economic_conditions""], [""stock_market"", ""influences"", ""flow_of_Chinese_goods""], [""stock_market"", ""influences"", ""demand_of_Chinese_goods""]]"
113,"Cat Zakrzewski, who operates in the tech sector, is a member of WSJ and has raised the profile of The Wall Street Journal, an entity that relates to the securities industry. The Wall Street Journal is also known for its role in announcing key economic metrics like the New Orders Index.","[[""Cat_Zakrzewski"", ""operates_in"", ""tech_sector""], [""Cat_Zakrzewski"", ""member_of"", ""WSJ""], [""Cat_Zakrzewski"", ""raises_profile_of"", ""The_Wall_Street_Journal""], [""The_Wall_Street_Journal"", ""relates_to"", ""securities_industry""], [""The_Wall_Street_Journal"", ""announces"", ""New_Orders_Index""]]","Cat Zakrzewski, who is a member of WSJ, operates in the tech sector and raises the prominence of The Wall Street Journal. This esteemed publication relates to the securities industry and has recently announced the New Orders Index, showcasing its integral role in disseminating financial information.","[[""Cat_Zakrzewski"", ""member_of"", ""WSJ""], [""Cat_Zakrzewski"", ""operates_in"", ""tech_sector""], [""Cat_Zakrzewski"", ""raises_prominence_of"", ""The_Wall_Street_Journal""], [""The_Wall_Street_Journal"", ""relates_to"", ""securities_industry""], [""The_Wall_Street_Journal"", ""announces"", ""New_Orders_Index""], [""The_Wall_Street_Journal"", ""disseminates"", ""financial_information""]]"
114,"TD Securities controls both EUR/USD and Interest Rates, and it has a Note as part of its offerings. The Interest Rates have a significant impact on the US Economy as well as on emerging markets. Additionally, Mazen Issa relates to TD Securities, market trends, and interest rate policy, indicating his involvement and influence in this financial landscape.","[[""TD_Securities"", ""controls"", ""EUR/USD""], [""TD_Securities"", ""controls"", ""Interest_Rates""], [""TD_Securities"", ""has_part"", ""Note""], [""Interest_Rates"", ""impact_on"", ""US_Economy""], [""Interest_Rates"", ""impact_on"", ""emerging_markets""], [""Mazen_Issa"", ""relates_to"", ""TD_Securities""], [""Mazen_Issa"", ""relates_to"", ""market_trends""], [""Mazen_Issa"", ""relates_to"", ""interest_rate_policy""]]","TD Securities controls both EUR/USD and Interest Rates, and it has a Note as part of its financial instruments. Interest Rates have a significant impact on the US Economy and on Emerging markets. Mazen Issa relates to TD Securities, as well as to Market trends and Interest rate policy, indicating his involvement in the analysis and formulation of strategies that could affect these areas.","[[""TD_Securities"", ""controls"", ""EUR/USD""], [""TD_Securities"", ""controls"", ""Interest_Rates""], [""TD_Securities"", ""has_part"", ""Note""], [""TD_Securities"", ""offers"", ""financial_instruments""], [""Interest_Rates"", ""impact_on"", ""US_Economy""], [""Interest_Rates"", ""impact_on"", ""Emerging_markets""], [""Mazen_Issa"", ""relates_to"", ""TD_Securities""], [""Mazen_Issa"", ""relates_to"", ""Market_trends""], [""Mazen_Issa"", ""relates_to"", ""Interest_rate_policy""], [""Mazen_Issa"", ""involved_in"", ""analysis""], [""Mazen_Issa"", ""involved_in"", ""formulation_of_strategies""]]"
115,"Donald Trump impacts Social Security, while Rick Perry is related to both Donald Trump and the energy sector. The energy sector is connected to Climate Change and negatively impacts stocks, while also influencing inflation. Furthermore, Rick Perry participates in the impeachment inquiry, which relates to Ukraine.","[[""Donald_Trump"", ""impacts"", ""Social_Security""], [""Rick_Perry"", ""related_to"", ""Donald_Trump""], [""Rick_Perry"", ""related_to"", ""energy_sector""], [""energy_sector"", ""connected_to"", ""Climate_Change""], [""energy_sector"", ""negatively_impacts"", ""stocks""], [""energy_sector"", ""influences"", ""inflation""], [""Rick_Perry"", ""participates_in"", ""impeachment_inquiry""], [""impeachment_inquiry"", ""relates_to"", ""Ukraine""]]","President George H.W. Bush has a notable impact on the National Security Adviser. Rick Perry relates to both President George H.W. Bush and the Defense Industrial Base. Additionally, Rick Perry participates in the impeachment inquiry, which is related to Hungary. The Defense Industrial Base also relates to Climate Change and has a negative impact on Precious Metals while simultaneously impacting Inflation.","[[""President_George_H.W._Bush"", ""impacts"", ""National_Security_Adviser""], [""Rick_Perry"", ""relates_to"", ""President_George_H.W._Bush""], [""Rick_Perry"", ""relates_to"", ""Defense_Industrial_Base""], [""Defense_Industrial_Base"", ""relates_to"", ""Climate_Change""], [""Defense_Industrial_Base"", ""negatively_impacts"", ""Precious_Metals""], [""Defense_Industrial_Base"", ""impacts"", ""Inflation""], [""Rick_Perry"", ""participates_in"", ""impeachment_inquiry""], [""impeachment_inquiry"", ""relates_to"", ""Hungary""]]"
116,"MTR Corp. operates in Hong Kong and is related to the Police, which may indicate its involvement in regulatory or security matters within the city. Additionally, MTR Corp. raises fines, likely in relation to its operations and compliance. Notably, Hong Kong also operates in Shanghai, highlighting a potential connection or influence between these two major cities in terms of transportation or governance.","[[""MTR_Corp."", ""operates_in"", ""Hong_Kong""], [""MTR_Corp."", ""related_to"", ""Police""], [""Police"", ""located_in"", ""Hong_Kong""], [""MTR_Corp."", ""raises"", ""fines""], [""fines"", ""related_to"", ""operations""], [""fines"", ""related_to"", ""compliance""], [""Hong_Kong"", ""operates_in"", ""Shanghai""], [""MTR_Corp."", ""involved_in"", ""regulatory_matters""], [""MTR_Corp."", ""involved_in"", ""security_matters""]]","MTR Corp. operates in Hong Kong, where it also has a relationship with the police. The company has been involved in actions that lead to a decrease in fines. Additionally, Hong Kong operates in relation to Shanghai, indicating a geographical and possibly economic connection between the two regions.","[[""MTR_Corp."", ""operates_in"", ""Hong_Kong""], [""MTR_Corp."", ""related_to"", ""police""], [""police"", ""located_in"", ""Hong_Kong""], [""MTR_Corp."", ""involved_in"", ""decrease_in_fines""], [""fines"", ""related_to"", ""operations""], [""Hong_Kong"", ""related_to"", ""Shanghai""], [""MTR_Corp."", ""operates_in_relation_to"", ""Hong_Kong""], [""Hong_Kong"", ""operates_in_relation_to"", ""Shanghai""]]"
117,"Alexander Davis has a notable influence across various industries. His involvement in the pharmaceutical industry showcases his active participation, while his operations within the tech sector denote his engagement with innovative technologies. Notably, the tech sector is closely related to stock value, implying that Davis's activities could have financial implications. However, his actions or strategies have had a negative impact on the venture capital industry, potentially affecting investments and funding opportunities within that sector.","[[""Alexander_Davis"", ""has_influence_in"", ""various_industries""], [""Alexander_Davis"", ""involved_in"", ""pharmaceutical_industry""], [""pharmaceutical_industry"", ""shows"", ""active_participation""], [""Alexander_Davis"", ""operates_in"", ""tech_sector""], [""tech_sector"", ""denotes"", ""innovative_technologies""], [""tech_sector"", ""related_to"", ""stock_value""], [""Alexander_Davis"", ""activities_impact"", ""venture_capital_industry""], [""venture_capital_industry"", ""affected_aspect"", ""investments""], [""venture_capital_industry"", ""affected_aspect"", ""funding_opportunities""], [""Alexander_Davis"", ""actions_have"", ""negative_impact""], [""negative_impact"", ""on"", ""venture_capital_industry""]]","Alexander Davis, whose activities negatively impact the Venture Capital Industry, also participates in the Pharmaceutical Industry. He operates in the Tech Sector, a field that is closely related to Stock Value.","[[""Alexander_Davis"", ""negatively_impacts"", ""Venture_Capital_Industry""], [""Alexander_Davis"", ""participates_in"", ""Pharmaceutical_Industry""], [""Alexander_Davis"", ""operates_in"", ""Tech_Sector""], [""Tech_Sector"", ""closely_related_to"", ""Stock_Value""]]"
118,"The Government Accountability Office holds control over the US Government, providing oversight and ensuring transparency in governmental operations. It also maintains a relationship with the U.S. Defense Department, collaborating to promote efficiency and accountability within defense spending and operations. Additionally, the US Government exercises its authority to control corporations such as ZTE, ensuring compliance with national security regulations and economic policies.","[[""Government_Accountability_Office"", ""holds_control_over"", ""US_Government""], [""Government_Accountability_Office"", ""provides"", ""oversight""], [""Government_Accountability_Office"", ""ensures"", ""transparency""], [""Government_Accountability_Office"", ""maintains_relationship_with"", ""U.S._Defense_Department""], [""Government_Accountability_Office"", ""collaborates_with"", ""U.S._Defense_Department""], [""Government_Accountability_Office"", ""promotes"", ""efficiency""], [""Government_Accountability_Office"", ""promotes"", ""accountability""], [""US_Government"", ""exercises_authority_over"", ""corporations""], [""US_Government"", ""controls"", ""ZTE""], [""US_Government"", ""ensures_compliance_with"", ""national_security_regulations""], [""US_Government"", ""ensures_compliance_with"", ""economic_policies""], [""U.S._Defense_Department"", ""involved_in"", ""defense_spending""], [""U.S._Defense_Department"", ""involved_in"", ""defense_operations""]]","The Government Accountability Office plays a crucial role in controlling the activities and functions of the US Government, which in turn controls the corporation ZTE. Additionally, the Government Accountability Office has a connection with the U.S. Defense Department, highlighting its wide-ranging oversight and influence within the governmental structure.","[[""Government_Accountability_Office"", ""plays_crucial_role_in"", ""controlling_US_Government""], [""Government_Accountability_Office"", ""controls"", ""US_Government""], [""US_Government"", ""controls"", ""ZTE""], [""Government_Accountability_Office"", ""has_connection_with"", ""U.S._Defense_Department""], [""Government_Accountability_Office"", ""has_oversight_of"", ""governmental_structure""], [""Government_Accountability_Office"", ""has_influence_within"", ""governmental_structure""], [""U.S._Defense_Department"", ""part_of"", ""governmental_structure""]]"
119,"Stocks raise the value of commodities, while also having a negative impact on technology stocks. Additionally, stocks impact the earnings report. The U.S. dollar relates to rate increases, and risk has a significant impact on both stocks and the U.S. dollar.","[[""Stocks"", ""raise"", ""commodities""], [""Stocks"", ""have_negative_impact_on"", ""technology_stocks""], [""Stocks"", ""impact"", ""earnings_report""], [""U.S._dollar"", ""relates_to"", ""rate_increases""], [""Risk"", ""has_significant_impact_on"", ""Stocks""], [""Risk"", ""has_significant_impact_on"", ""U.S._dollar""]]","Stocks raise commodities and have a notable impact on the earnings report. However, stocks also have a negative impact on technology stocks. Additionally, risk impacts both stocks and the U.S. Dollar, which relates to rate increases.","[[""Stocks"", ""raise"", ""commodities""], [""Stocks"", ""have_notable_impact_on"", ""earnings_report""], [""Stocks"", ""have_negative_impact_on"", ""technology_stocks""], [""Risk"", ""impacts"", ""Stocks""], [""Risk"", ""impacts"", ""U.S._Dollar""], [""U.S._Dollar"", ""relates_to"", ""rate_increases""]]"
120,"The U.S. Space Force controls security and has relationships with both the U.S. Air Force and the Joint Chiefs of Staff. The Joint Chiefs of Staff, in turn, are related to the US Government. The U.S. Air Force is a member of the U.S. Military, and actively operates in regions such as Afghanistan and Kuwait. Additionally, the U.S. Military itself operates extensively in the Middle East, relating to entities such as the Islamic State and impacting the frequency or occurrence of events like suicide attacks.","[[""U.S._Space_Force"", ""controls"", ""security""], [""U.S._Space_Force"", ""related_to"", ""U.S._Air_Force""], [""U.S._Space_Force"", ""related_to"", ""Joint_Chiefs_of_Staff""], [""Joint_Chiefs_of_Staff"", ""related_to"", ""US_Government""], [""U.S._Air_Force"", ""member_of"", ""U.S._Military""], [""U.S._Air_Force"", ""operates_in"", ""Afghanistan""], [""U.S._Air_Force"", ""operates_in"", ""Kuwait""], [""U.S._Military"", ""operates_in"", ""Middle_East""], [""U.S._Military"", ""related_to"", ""Islamic_State""], [""U.S._Military"", ""impacts"", ""suicide_attacks""]]","The U.S. Space Force, which is related to both the U.S. Air Force and the Joint Chiefs of Staff, controls legal action and is interconnected with various defense and strategic aspects. The Joint Chiefs of Staff, in turn, relate to the US Government, highlighting the intricate structure of military and government relationships. The U.S. Air Force, a member of the Department of the Interior, operates in Afghanistan and Kuwait, showcasing its global reach in military operations. The Department of the Interior, which impacts the development of a pilot program, also operates within the Economy of China and maintains relations with the FBI headquarters, demonstrating its diverse operational and relational scope.","[[""U.S._Space_Force"", ""related_to"", ""U.S._Air_Force""], [""U.S._Space_Force"", ""related_to"", ""Joint_Chiefs_of_Staff""], [""U.S._Space_Force"", ""controls"", ""legal_action""], [""Joint_Chiefs_of_Staff"", ""related_to"", ""US_Government""], [""U.S._Air_Force"", ""member_of"", ""Department_of_the_Interior""], [""U.S._Air_Force"", ""operates_in"", ""Afghanistan""], [""U.S._Air_Force"", ""operates_in"", ""Kuwait""], [""Department_of_the_Interior"", ""impacts"", ""pilot_program""], [""Department_of_the_Interior"", ""operates_in"", ""Economy_of_China""], [""Department_of_the_Interior"", ""related_to"", ""FBI_headquarters""]]"
121,"Prime Minister Najib Razak has significant connections with the National Front coalition and is known for his control over 1Malaysia Development Bhd, a fund that is also related to the Ministry of Finance. In addition, he has links to Jho Low, a figure who controls the luxury yacht Equanimity and has connections with Thailand. These relationships illustrate a complex network involving political influence and financial management.","[[""Najib_Razak"", ""connected_to"", ""National_Front_coalition""], [""Najib_Razak"", ""controls"", ""1Malaysia_Development_Bhd""], [""1Malaysia_Development_Bhd"", ""related_to"", ""Ministry_of_Finance""], [""Najib_Razak"", ""linked_to"", ""Jho_Low""], [""Jho_Low"", ""controls"", ""Equanimity""], [""Jho_Low"", ""connected_to"", ""Thailand""]]","Prime Minister Najib Razak is related to the National Front coalition and has control over 1Malaysia Development Bhd. His activities and influence also relate to Jho Low, who has connections to Thailand. Additionally, 1Malaysia Development Bhd is linked to the Ministry of Finance.","[[""Najib_Razak"", ""related_to"", ""National_Front_coalition""], [""Najib_Razak"", ""controls"", ""1Malaysia_Development_Bhd""], [""1Malaysia_Development_Bhd"", ""linked_to"", ""Ministry_of_Finance""], [""Najib_Razak"", ""influenced_by"", ""Jho_Low""], [""Jho_Low"", ""connected_to"", ""Thailand""]]"
122,"Human Rights Watch has established relationships with various sectors, notably those concerning immigrant families. Additionally, Human Rights Watch is linked to the operations of the CIA. The CIA itself possesses significant personnel such as Gina Haspel and engages in operational activities in countries like Qatar.","[[""Human_Rights_Watch"", ""established_relationships_with"", ""various_sectors""], [""Human_Rights_Watch"", ""established_relationships_with"", ""immigrant_families""], [""Human_Rights_Watch"", ""linked_to"", ""CIA""], [""CIA"", ""possesses"", ""significant_personnel""], [""CIA"", ""has_personnel"", ""Gina_Haspel""], [""CIA"", ""engages_in_operational_activities_in"", ""countries""], [""CIA"", ""engages_in_operational_activities_in"", ""Qatar""]]","Human Rights Watch is concerned with issues affecting immigrant families, highlighting their rights and challenges. Meanwhile, the CIA operates in Qatar and has Gina Haspel as one of its key figures.","[[""Human_Rights_Watch"", ""concerned_with"", ""issues_affecting_immigrant_families""], [""Human_Rights_Watch"", ""highlights"", ""rights_of_immigrant_families""], [""Human_Rights_Watch"", ""highlights"", ""challenges_of_immigrant_families""], [""CIA"", ""operates_in"", ""Qatar""], [""CIA"", ""has_key_figure"", ""Gina_Haspel""]]"123,"Charlotte relates to Donald Trump and is a member of the Private-Equity sector, operating in the context of Mark Harris.","[[""Charlotte"", ""relates_to"", ""Donald_Trump""], [""Charlotte"", ""member_of"", ""Private-Equity_sector""], [""Charlotte"", ""operates_in_context_of"", ""Mark_Harris""]]","Charlotte relates to Donald Trump and is a member of Private-Equity. Additionally, Charlotte operates in the market associated with Mark Harris.","[[""Charlotte"", ""relates_to"", ""Donald_Trump""], [""Charlotte"", ""member_of"", ""Private-Equity""], [""Charlotte"", ""operates_in_market_associated_with"", ""Mark_Harris""]]"
124,"Glencore relates to several significant entities in the global financial landscape, including the U.S. Treasury Department, Switzerland, and Singapore. This connection underscores Glencore's multifaceted operations and influence across different markets and regulatory environments.","[[""Glencore"", ""relates_to"", ""U.S._Treasury_Department""], [""Glencore"", ""relates_to"", ""Switzerland""], [""Glencore"", ""relates_to"", ""Singapore""], [""Glencore"", ""operates_in"", ""global_financial_landscape""], [""Glencore"", ""has_influence_in"", ""different_markets""], [""Glencore"", ""subject_to"", ""regulatory_environments""]]","Glencore relates to Switzerland, indicating a connection between the company and the country. This relationship may encompass aspects such as regulatory frameworks, business operations, or economic influence that Glencore has within Switzerland.","[[""Glencore"", ""relates_to"", ""Switzerland""], [""Glencore"", ""has_connection_with"", ""Switzerland""], [""Glencore"", ""operates_under"", ""regulatory_frameworks""], [""Glencore"", ""has_business_operations_in"", ""Switzerland""], [""Glencore"", ""has_economic_influence_in"", ""Switzerland""]]"
125,Christopher Steele operates in the field of research and is related to both the Democratic Party and Russia.,"[[""Christopher_Steele"", ""operates_in"", ""research""], [""Christopher_Steele"", ""related_to"", ""Democratic_Party""], [""Christopher_Steele"", ""related_to"", ""Russia""]]","An Investor operates in research and has a relationship with the Protest Movement, as well as a connection to Milan.","[[""An_Investor"", ""operates_in"", ""research""], [""An_Investor"", ""has_relationship_with"", ""Protest_Movement""], [""An_Investor"", ""connected_to"", ""Milan""]]"
126,"Rebekah Mercer has played a significant role in supporting Steve Bannon, as she helped raise his profile and influence. Her activities are also related to Cambridge Analytica, the data analytics firm known for its involvement in political campaigns. Steve Bannon, in his turn, is linked to various high-profile entities and events, including the Justice Department, the Russia Probe, and WikiLeaks, indicating his pivotal connections in the realms of politics and legal investigations.",[],"Rebekah Mercer has been instrumental in raising the profile and influence of Steve Bannon, a figure connected to multiple high-stake political issues. Her involvement also relates to Cambridge Analytica, a data analytics firm linked to significant political campaigns. Steve Bannon is further associated with the Justice Department, the Russia Probe, and WikiLeaks, highlighting his connection to pivotal events and entities in the political landscape.",[]
127,"Canada relates to the North American Free Trade Agreement and has a trade surplus. The country also connects to the Private Equity Market. Meanwhile, the US Government impacts Commerzbank. Huawei Technologies controls the smartphone market and produces components while relating to other Chinese companies. Chrystia Freeland operates within the US Government and maintains connections with both Canada and Huawei Technologies.","[[""Canada"", ""relates_to"", ""North_American_Free_Trade_Agreement""], [""Canada"", ""has"", ""trade_surplus""], [""Canada"", ""connects_to"", ""Private_Equity_Market""], [""US_Government"", ""impacts"", ""Commerzbank""], [""Huawei_Technologies"", ""controls"", ""smartphone_market""], [""Huawei_Technologies"", ""produces"", ""components""], [""Huawei_Technologies"", ""relates_to"", ""Chinese_companies""], [""Chrystia_Freeland"", ""operates_within"", ""US_Government""], [""Chrystia_Freeland"", ""maintains_connections_with"", ""Canada""], [""Chrystia_Freeland"", ""maintains_connections_with"", ""Huawei_Technologies""]]","Canada has a trade surplus and relates to both the North American Free Trade Agreement and the Private Equity Market. Chrystia Freeland operates in the US Government and has connections with both Canada and Huawei Technologies. Huawei Technologies controls the smartphone market, produces components, and relates to other Chinese companies. Additionally, the US Government impacts Commerzbank.","[[""Canada"", ""has"", ""trade_surplus""], [""Canada"", ""relates_to"", ""North_American_Free_Trade_Agreement""], [""Canada"", ""relates_to"", ""Private_Equity_Market""], [""Chrystia_Freeland"", ""operates_in"", ""US_Government""], [""Chrystia_Freeland"", ""has_connections_with"", ""Canada""], [""Chrystia_Freeland"", ""has_connections_with"", ""Huawei_Technologies""], [""Huawei_Technologies"", ""controls"", ""smartphone_market""], [""Huawei_Technologies"", ""produces"", ""components""], [""Huawei_Technologies"", ""relates_to"", ""Chinese_companies""], [""US_Government"", ""impacts"", ""Commerzbank""]]"
128,"The Bill & Melinda Gates Foundation, known for its philanthropic efforts, has significant relationships with both the Health-Care Fund and Saudi Arabia. This foundation not only has connections in these regions but also actively invests in education, demonstrating its commitment to improving global health and knowledge accessibility.","[[""Bill_&_Melinda_Gates_Foundation"", ""has_relationships_with"", ""Health-Care_Fund""], [""Bill_&_Melinda_Gates_Foundation"", ""has_relationships_with"", ""Saudi_Arabia""], [""Bill_&_Melinda_Gates_Foundation"", ""invests_in"", ""education""], [""Bill_&_Melinda_Gates_Foundation"", ""commits_to"", ""improving_global_health""], [""Bill_&_Melinda_Gates_Foundation"", ""commits_to"", ""knowledge_accessibility""]]","The Bill & Melinda Gates Foundation has a connection with the Health-Care Fund, signifying its interest or involvement in health-related initiatives. Additionally, the foundation invests in Education, demonstrating its commitment to boosting educational opportunities and developments.","[[""Bill_&_Melinda_Gates_Foundation"", ""has_connection_with"", ""Health-Care_Fund""], [""Bill_&_Melinda_Gates_Foundation"", ""invests_in"", ""Education""], [""Bill_&_Melinda_Gates_Foundation"", ""commits_to"", ""boosting_educational_opportunities""], [""Bill_&_Melinda_Gates_Foundation"", ""commits_to"", ""educational_developments""]]"
129,"Allen Weisselberg is connected to both Michael Cohen and Donald Trump and has his operations within the Trump Foundation. Michael Cohen, who is associated with AT&T Inc., also makes investments in Harvard Medical School, highlighting a web of relationships and financial activities.","[[""Allen_Weisselberg"", ""connected_to"", ""Michael_Cohen""], [""Allen_Weisselberg"", ""connected_to"", ""Donald_Trump""], [""Allen_Weisselberg"", ""operations_within"", ""Trump_Foundation""], [""Michael_Cohen"", ""associated_with"", ""AT&T_Inc""], [""Michael_Cohen"", ""makes_investments_in"", ""Harvard_Medical_School""]]",Allen Weisselberg has connections to both Michael Cohen and Donald Trump and operates within the Trump Foundation. Michael Cohen is also connected to AT&T Inc. and has made investments in Harvard Medical School.,"[[""Allen_Weisselberg"", ""connected_to"", ""Michael_Cohen""], [""Allen_Weisselberg"", ""connected_to"", ""Donald_Trump""], [""Allen_Weisselberg"", ""operates_within"", ""Trump_Foundation""], [""Michael_Cohen"", ""connected_to"", ""AT&T_Inc""], [""Michael_Cohen"", ""made_investments_in"", ""Harvard_Medical_School""]]"
130,"Ukraine has notable connections to both the Russian Orthodox Church and Donald Trump, illustrating its multifaceted geopolitical and cultural relationships. Fiona Hill, a significant figure in political circles, has an impact on Gordon Sondland, perhaps due to their interactions or shared professional contexts. Additionally, Fiona Hill has a relationship with Ukraine and is also related to U.S. elections, highlighting her involvement in matters that span international boundaries and domestic political processes.","[[""Ukraine"", ""connected_to"", ""Russian_Orthodox_Church""], [""Ukraine"", ""connected_to"", ""Donald_Trump""], [""Fiona_Hill"", ""impact_on"", ""Gordon_Sondland""], [""Fiona_Hill"", ""related_to"", ""Ukraine""], [""Fiona_Hill"", ""related_to"", ""U.S._elections""]]","Ukraine has connections to both the Russian Orthodox Church and Donald Trump, highlighting its geopolitical and cultural ties. Fiona Hill is known to have influenced Gordon Sondland, and she also has connections to Ukraine. Her work relates to the broader context of U.S. elections, underscoring the intersection of international relations and domestic politics.","[[""Ukraine"", ""connected_to"", ""Russian_Orthodox_Church""], [""Ukraine"", ""connected_to"", ""Donald_Trump""], [""Fiona_Hill"", ""influenced"", ""Gordon_Sondland""], [""Fiona_Hill"", ""connected_to"", ""Ukraine""], [""Fiona_Hill"", ""related_to"", ""U.S._elections""]]"
131,"President Volodymyr Zelensky has introduced elections that have various impacts and correlations across different geopolitical landscapes. These elections have a notable impact on Thailand and Boris Johnson, while also being related to Sudan, indicating their global significance. President Zelensky's leadership is related to Joe Biden and the U.S. Department of State, highlighting important international relationships amidst these electoral developments.","[[""President_Volodymyr_Zelensky"", ""introduced"", ""elections""], [""elections"", ""impact_on"", ""Thailand""], [""elections"", ""related_to"", ""Boris_Johnson""], [""elections"", ""related_to"", ""Sudan""], [""President_Volodymyr_Zelensky"", ""related_to"", ""Joe_Biden""], [""President_Volodymyr_Zelensky"", ""related_to"", ""U.S._Department_of_State""]]","President Volodymyr Zelensky introduces elections, highlighting a pivotal moment that not only impacts Thailand but also relates to Sudan, indicating a broader international influence. Additionally, the relationship between President Volodymyr Zelensky and Joe Biden signifies a diplomatic bond, which may further contextualize the global significance and ramifications of these elections.","[[""President_Volodymyr_Zelensky"", ""introduces"", ""elections""], [""elections"", ""impact_on"", ""Thailand""], [""elections"", ""related_to"", ""Sudan""], [""President_Volodymyr_Zelensky"", ""related_to"", ""Joe_Biden""], [""President_Volodymyr_Zelensky"", ""has_diplomatic_bond_with"", ""Joe_Biden""]]"
132,"Gross Domestic Product raises the Eurozone economy and relates to economic expansion as well as the Canadian economy. The Philippine Central Bank controls inflation and Gross Domestic Product, and it is also related to rate policy.","[[""Gross_Domestic_Product"", ""raises"", ""Eurozone_economy""], [""Gross_Domestic_Product"", ""relates_to"", ""economic_expansion""], [""Gross_Domestic_Product"", ""relates_to"", ""Canadian_economy""], [""Philippine_Central_Bank"", ""controls"", ""inflation""], [""Philippine_Central_Bank"", ""controls"", ""Gross_Domestic_Product""], [""Philippine_Central_Bank"", ""related_to"", ""rate_policy""]]","Gross Domestic Product raises the Eurozone Economy and relates to economic expansion as well as the Canadian economy. Meanwhile, the Philippine Central Bank controls inflation and Gross Domestic Product, and it relates to rate policy.","[[""Gross_Domestic_Product"", ""raises"", ""Eurozone_Economy""], [""Gross_Domestic_Product"", ""relates_to"", ""economic_expansion""], [""Gross_Domestic_Product"", ""relates_to"", ""Canadian_economy""], [""Philippine_Central_Bank"", ""controls"", ""inflation""], [""Philippine_Central_Bank"", ""controls"", ""Gross_Domestic_Product""], [""Philippine_Central_Bank"", ""relates_to"", ""rate_policy""]]"
123,"Charlotte relates to Donald Trump and is a member of the Private-Equity sector, operating in the context of Mark Harris.","[[""Charlotte"", ""relates_to"", ""Donald_Trump""], [""Charlotte"", ""member_of"", ""Private-Equity_sector""], [""Charlotte"", ""operates_in_context_of"", ""Mark_Harris""]]","Charlotte relates to Donald Trump and is a member of Private-Equity. Additionally, Charlotte operates in the market associated with Mark Harris.","[[""Charlotte"", ""relates_to"", ""Donald_Trump""], [""Charlotte"", ""member_of"", ""Private-Equity""], [""Charlotte"", ""operates_in_market_associated_with"", ""Mark_Harris""]]"
126,"Rebekah Mercer has played a significant role in supporting Steve Bannon, as she helped raise his profile and influence. Her activities are also related to Cambridge Analytica, the data analytics firm known for its involvement in political campaigns. Steve Bannon, in his turn, is linked to various high-profile entities and events, including the Justice Department, the Russia Probe, and WikiLeaks, indicating his pivotal connections in the realms of politics and legal investigations.","[[""Rebekah_Mercer"", ""supported"", ""Steve_Bannon""], [""Rebekah_Mercer"", ""helped_raise"", ""Steve_Bannon_profile""], [""Rebekah_Mercer"", ""helped_raise"", ""Steve_Bannon_influence""], [""Rebekah_Mercer"", ""related_to"", ""Cambridge_Analytica""], [""Cambridge_Analytica"", ""involved_in"", ""political_campaigns""], [""Steve_Bannon"", ""linked_to"", ""Justice_Department""], [""Steve_Bannon"", ""linked_to"", ""Russia_Probe""], [""Steve_Bannon"", ""linked_to"", ""WikiLeaks""], [""Steve_Bannon"", ""has_connections_in"", ""politics""], [""Steve_Bannon"", ""has_connections_in"", ""legal_investigations""]]","Rebekah Mercer has been instrumental in raising the profile and influence of Steve Bannon, a figure connected to multiple high-stake political issues. Her involvement also relates to Cambridge Analytica, a data analytics firm linked to significant political campaigns. Steve Bannon is further associated with the Justice Department, the Russia Probe, and WikiLeaks, highlighting his connection to pivotal events and entities in the political landscape.","[[""Rebekah_Mercer"", ""raised"", ""Steve_Bannon_profile""], [""Rebekah_Mercer"", ""raised"", ""Steve_Bannon_influence""], [""Rebekah_Mercer"", ""involved_with"", ""Cambridge_Analytica""], [""Cambridge_Analytica"", ""linked_to"", ""political_campaigns""], [""Steve_Bannon"", ""associated_with"", ""Justice_Department""], [""Steve_Bannon"", ""associated_with"", ""Russia_Probe""], [""Steve_Bannon"", ""associated_with"", ""WikiLeaks""], [""Steve_Bannon"", ""connected_to"", ""political_issues""], [""Steve_Bannon"", ""has_connection_to"", ""pivotal_events""], [""Steve_Bannon"", ""has_connection_to"", ""entities_in_politics""]]"
133,"The Gold Price has a significant impact on the Dollar Value and is also related to Geopolitical Tensions. Carsten Menke is connected to both the Gold Price and the Gold market, indicating his influence in this area. Furthermore, Carsten Menke controls Julius Baer, a financial institution that relates to Latin America.","[[""Gold_Price"", ""impact_on"", ""Dollar_Value""], [""Gold_Price"", ""related_to"", ""Geopolitical_Tensions""], [""Carsten_Menke"", ""connected_to"", ""Gold_Price""], [""Carsten_Menke"", ""connected_to"", ""Gold_market""], [""Carsten_Menke"", ""controls"", ""Julius_Baer""], [""Julius_Baer"", ""relates_to"", ""Latin_America""]]","Carsten Menke relates to the Gold market, indicating his interest or involvement in that sector, while also having control over Julius Baer, a financial institution.","[[""Carsten_Menke"", ""relates_to"", ""Gold_market""], [""Carsten_Menke"", ""controls"", ""Julius_Baer""]]"
134,"Regulations have a negative impact on startups and also affect tech firms, while relating to economic growth. FEMA operates in capital markets and raises reinsurance, establishing a connection with the Administration. The Administration is responsible for announcing trade barriers, and it controls both regulations and the Census Citizenship Question.","[[""Regulations"", ""have_impact_on"", ""startups""], [""Regulations"", ""have_negative_impact_on"", ""startups""], [""Regulations"", ""affect"", ""tech_firms""], [""Regulations"", ""relate_to"", ""economic_growth""], [""FEMA"", ""operates_in"", ""capital_markets""], [""FEMA"", ""raises"", ""reinsurance""], [""FEMA"", ""establishes_connection_with"", ""Administration""], [""Administration"", ""responsible_for"", ""announcing_trade_barriers""], [""Administration"", ""controls"", ""regulations""], [""Administration"", ""controls"", ""Census_Citizenship_Question""]]","Regulations have a significant impact on tech firms and are related to economic growth. They also create a positive impact on startups. FEMA operates in capital markets and raises reinsurance, and is related to the Administration. The Administration announces trade barriers and controls both regulations and the Census Citizenship Question.","[[""Regulations"", ""have_impact_on"", ""tech_firms""], [""Regulations"", ""have_significant_impact_on"", ""tech_firms""], [""Regulations"", ""relate_to"", ""economic_growth""], [""Regulations"", ""create_impact_on"", ""startups""], [""Regulations"", ""have_positive_impact_on"", ""startups""], [""FEMA"", ""operates_in"", ""capital_markets""], [""FEMA"", ""raises"", ""reinsurance""], [""FEMA"", ""related_to"", ""Administration""], [""Administration"", ""announces"", ""trade_barriers""], [""Administration"", ""controls"", ""regulations""], [""Administration"", ""controls"", ""Census_Citizenship_Question""]]"
